{
    "No Abstract Lyrics": 0.8377211093902588,
    "No Acoustic Guitar": 0.9356210231781006,
    "No Acoustic Sonority": 0.06540460139513016,
    "No Angry Lyrics": 0.883858323097229,
    "No Audio Production": 0.0012847534380853176,
    "No Aural Intensity": 0.0014601403381675482,
    "No Backbeat": 0.30614328384399414,
    "No Bass Guitar": 0.23995284736156464,
    "No Compound Meter": 0.9884039163589478,
    "No Cut Time Feel": 0.990291953086853,
    "No Danceability": 0.04441412165760994,
    "No Drum Aggressiveness": 0.4170481860637665,
    "No Drum Set": 0.39874953031539917,
    "No Electric Guitar": 0.7736929655075073,
    "No Electric Guitar Distortion": 0.8196074962615967,
    "No Electric Sonority": 0.6775676012039185,
    "No Explicit Lyrics": 0.9685361385345459,
    "No Focus on Form": 0.8594798445701599,
    "No Focus on Lead Vocal": 0.6918668150901794,
    "No Focus on Lyrics": 0.7872720956802368,
    "No Focus on Melody": 0.5839226245880127,
    "No Focus on Musical Arrangements": 0.09536280483007431,
    "No Focus on Performance": 0.0048463428393006325,
    "No Focus on Rhythmic Groove": 0.13658614456653595,
    "No Focus on Riffs": 0.28735843300819397,
    "No Focus on Vocal Accompaniment": 0.43524807691574097,
    "No Happy/Joyful Lyrics": 0.4410633146762848,
    "No Harmonic Sophistication": 0.08918850123882294,
    "No Horn Ensemble": 0.934685468673706,
    "No Humorous Lyrics": 0.91172194480896,
    "No Live Recording": 0.9843372106552124,
    "No Love/Romance Lyrics": 0.6079985499382019,
    "No Major": 0.7196165919303894,
    "No Minor": 0.8840141296386719,
    "No Odd Meter": 0.9973441958427429,
    "No Organ": 0.9151614904403687,
    "No Percussion": 0.7040340900421143,
    "No Piano": 0.84736168384552,
    "No Reed Instrument": 0.9822670221328735,
    "No Rhodes": 0.9542456865310669,
    "No Sad Lyrics": 0.6827040910720825,
    "No Shuffle Feel": 0.994949221611023,
    "No Social/Political Lyrics": 0.8572168946266174,
    "No String Ensemble": 0.9201582670211792,
    "No Swing Feel": 0.9921399354934692,
    "No Syncopation Low to High": 0.028992008417844772,
    "No Synth Timbre": 0.9170104265213013,
    "No Synthesizer": 0.9174354076385498,
    "No Synthetic Drums": 0.9737259149551392,
    "No Synthetic Sonority": 0.9350671768188477,
    "No Tempo": 0.002490381710231304,
    "No Triple Meter": 0.9976091384887695,
    "No Vocal Accompaniment": 0.44277000427246094,
    "No Vocal Breathiness": 0.4302123486995697,
    "No Vocal Grittiness": 0.34945887327194214,
    "No Vocal Nasality": 0.4010303020477295,
    "No Vocal Register": 0.6265859007835388,
    "No Vocal Smoothness": 0.4782617390155792,
    "No Vocal Timbre Thin to Full": 0.6790193319320679
}