{
    "No Abstract Lyrics": 0.845844030380249,
    "No Acoustic Guitar": 0.9406129121780396,
    "No Acoustic Sonority": 0.014024825766682625,
    "No Angry Lyrics": 0.8903695344924927,
    "No Audio Production": 0.00923856534063816,
    "No Aural Intensity": 0.0046333023346960545,
    "No Backbeat": 0.25758931040763855,
    "No Bass Guitar": 0.25639063119888306,
    "No Compound Meter": 0.9883555173873901,
    "No Cut Time Feel": 0.9914205074310303,
    "No Danceability": 0.02836792543530464,
    "No Drum Aggressiveness": 0.39753925800323486,
    "No Drum Set": 0.33883410692214966,
    "No Electric Guitar": 0.7866899967193604,
    "No Electric Guitar Distortion": 0.8362434506416321,
    "No Electric Sonority": 0.6809027194976807,
    "No Explicit Lyrics": 0.974265456199646,
    "No Focus on Form": 0.8907261490821838,
    "No Focus on Lead Vocal": 0.7211518287658691,
    "No Focus on Lyrics": 0.7837878465652466,
    "No Focus on Melody": 0.5577216148376465,
    "No Focus on Musical Arrangements": 0.02822945825755596,
    "No Focus on Performance": 0.03630642592906952,
    "No Focus on Rhythmic Groove": 0.044372789561748505,
    "No Focus on Riffs": 0.27973470091819763,
    "No Focus on Vocal Accompaniment": 0.4999203085899353,
    "No Happy/Joyful Lyrics": 0.4695472717285156,
    "No Harmonic Sophistication": 0.19996163249015808,
    "No Horn Ensemble": 0.9446213245391846,
    "No Humorous Lyrics": 0.9129081964492798,
    "No Live Recording": 0.9823859930038452,
    "No Love/Romance Lyrics": 0.6368200778961182,
    "No Major": 0.693447470664978,
    "No Minor": 0.8860817551612854,
    "No Odd Meter": 0.9964798092842102,
    "No Organ": 0.9130201935768127,
    "No Percussion": 0.7105006575584412,
    "No Piano": 0.8137412071228027,
    "No Reed Instrument": 0.9804800748825073,
    "No Rhodes": 0.9531259536743164,
    "No Sad Lyrics": 0.7114021182060242,
    "No Shuffle Feel": 0.9926886558532715,
    "No Social/Political Lyrics": 0.8706386685371399,
    "No String Ensemble": 0.9253122210502625,
    "No Swing Feel": 0.993941068649292,
    "No Syncopation Low to High": 0.033009596168994904,
    "No Synth Timbre": 0.9169445037841797,
    "No Synthesizer": 0.916773796081543,
    "No Synthetic Drums": 0.9732037782669067,
    "No Synthetic Sonority": 0.9360010623931885,
    "No Tempo": 0.0014850060688331723,
    "No Triple Meter": 0.9968019127845764,
    "No Vocal Accompaniment": 0.5139691233634949,
    "No Vocal Breathiness": 0.46672290563583374,
    "No Vocal Grittiness": 0.40101033449172974,
    "No Vocal Nasality": 0.449923574924469,
    "No Vocal Register": 0.61549973487854,
    "No Vocal Smoothness": 0.5198323726654053,
    "No Vocal Timbre Thin to Full": 0.7073458433151245
}