{
    "No Abstract Lyrics": 0.8429864048957825,
    "No Acoustic Guitar": 0.9382933378219604,
    "No Acoustic Sonority": 0.08470617234706879,
    "No Angry Lyrics": 0.8870686292648315,
    "No Audio Production": 0.0013149396982043982,
    "No Aural Intensity": 0.0010849167592823505,
    "No Backbeat": 0.27300283312797546,
    "No Bass Guitar": 0.2357814908027649,
    "No Compound Meter": 0.9890645742416382,
    "No Cut Time Feel": 0.9901240468025208,
    "No Danceability": 0.04564114660024643,
    "No Drum Aggressiveness": 0.4102030396461487,
    "No Drum Set": 0.37979209423065186,
    "No Electric Guitar": 0.7848539352416992,
    "No Electric Guitar Distortion": 0.8252408504486084,
    "No Electric Sonority": 0.6816830039024353,
    "No Explicit Lyrics": 0.9679502844810486,
    "No Focus on Form": 0.866180419921875,
    "No Focus on Lead Vocal": 0.6872038841247559,
    "No Focus on Lyrics": 0.7775071859359741,
    "No Focus on Melody": 0.5911363363265991,
    "No Focus on Musical Arrangements": 0.07400935888290405,
    "No Focus on Performance": 0.004598092287778854,
    "No Focus on Rhythmic Groove": 0.12601065635681152,
    "No Focus on Riffs": 0.28737109899520874,
    "No Focus on Vocal Accompaniment": 0.43558669090270996,
    "No Happy/Joyful Lyrics": 0.4408382773399353,
    "No Harmonic Sophistication": 0.08753253519535065,
    "No Horn Ensemble": 0.932537317276001,
    "No Humorous Lyrics": 0.9105861186981201,
    "No Live Recording": 0.9852613806724548,
    "No Love/Romance Lyrics": 0.6104044914245605,
    "No Major": 0.7212580442428589,
    "No Minor": 0.8794457316398621,
    "No Odd Meter": 0.9972025156021118,
    "No Organ": 0.9146779179573059,
    "No Percussion": 0.7001062631607056,
    "No Piano": 0.8488861322402954,
    "No Reed Instrument": 0.9814977049827576,
    "No Rhodes": 0.9541910290718079,
    "No Sad Lyrics": 0.6891261339187622,
    "No Shuffle Feel": 0.9948316812515259,
    "No Social/Political Lyrics": 0.8588728308677673,
    "No String Ensemble": 0.9185305833816528,
    "No Swing Feel": 0.9919016361236572,
    "No Syncopation Low to High": 0.028036657720804214,
    "No Synth Timbre": 0.9195830821990967,
    "No Synthesizer": 0.9198451042175293,
    "No Synthetic Drums": 0.9749974012374878,
    "No Synthetic Sonority": 0.9352819323539734,
    "No Tempo": 0.0021933147218078375,
    "No Triple Meter": 0.9975703954696655,
    "No Vocal Accompaniment": 0.43482208251953125,
    "No Vocal Breathiness": 0.424953430891037,
    "No Vocal Grittiness": 0.3455159664154053,
    "No Vocal Nasality": 0.4070618450641632,
    "No Vocal Register": 0.6211733222007751,
    "No Vocal Smoothness": 0.47257548570632935,
    "No Vocal Timbre Thin to Full": 0.6850064396858215
}