{
    "No Abstract Lyrics": 0.8906146287918091,
    "No Acoustic Guitar": 0.916393518447876,
    "No Acoustic Sonority": 0.017926251515746117,
    "No Angry Lyrics": 0.9336317777633667,
    "No Audio Production": 0.00920131802558899,
    "No Aural Intensity": 0.0007680164417251945,
    "No Backbeat": 0.26202690601348877,
    "No Bass Guitar": 0.18898025155067444,
    "No Compound Meter": 0.985960066318512,
    "No Cut Time Feel": 0.9906904101371765,
    "No Danceability": 0.08517131209373474,
    "No Drum Aggressiveness": 0.3222493529319763,
    "No Drum Set": 0.2847685217857361,
    "No Electric Guitar": 0.7464864253997803,
    "No Electric Guitar Distortion": 0.8205455541610718,
    "No Electric Sonority": 0.6081236600875854,
    "No Explicit Lyrics": 0.979801595211029,
    "No Focus on Form": 0.9091697335243225,
    "No Focus on Lead Vocal": 0.7700729966163635,
    "No Focus on Lyrics": 0.8690862655639648,
    "No Focus on Melody": 0.6451925039291382,
    "No Focus on Musical Arrangements": 0.030206501483917236,
    "No Focus on Performance": 0.10311909019947052,
    "No Focus on Rhythmic Groove": 0.08896207809448242,
    "No Focus on Riffs": 0.2677309811115265,
    "No Focus on Vocal Accompaniment": 0.5913618803024292,
    "No Happy/Joyful Lyrics": 0.6037287712097168,
    "No Harmonic Sophistication": 0.11524518579244614,
    "No Horn Ensemble": 0.934686541557312,
    "No Humorous Lyrics": 0.932880699634552,
    "No Live Recording": 0.985197901725769,
    "No Love/Romance Lyrics": 0.7738728523254395,
    "No Major": 0.7262341380119324,
    "No Minor": 0.8838925361633301,
    "No Odd Meter": 0.9974934458732605,
    "No Organ": 0.9084576368331909,
    "No Percussion": 0.6721885204315186,
    "No Piano": 0.7852638959884644,
    "No Reed Instrument": 0.9810440540313721,
    "No Rhodes": 0.9478054046630859,
    "No Sad Lyrics": 0.8131259679794312,
    "No Shuffle Feel": 0.9908693432807922,
    "No Social/Political Lyrics": 0.9198096990585327,
    "No String Ensemble": 0.9001483917236328,
    "No Swing Feel": 0.9911161065101624,
    "No Syncopation Low to High": 0.04940175265073776,
    "No Synth Timbre": 0.9075301885604858,
    "No Synthesizer": 0.9076946973800659,
    "No Synthetic Drums": 0.9700731039047241,
    "No Synthetic Sonority": 0.9270121455192566,
    "No Tempo": 0.001253900583833456,
    "No Triple Meter": 0.9978672862052917,
    "No Vocal Accompaniment": 0.5999945402145386,
    "No Vocal Breathiness": 0.522284984588623,
    "No Vocal Grittiness": 0.43467581272125244,
    "No Vocal Nasality": 0.4592937231063843,
    "No Vocal Register": 0.6823975443840027,
    "No Vocal Smoothness": 0.5676862001419067,
    "No Vocal Timbre Thin to Full": 0.7614266276359558
}