{
    "No Abstract Lyrics": 0.8442524671554565,
    "No Acoustic Guitar": 0.9259127974510193,
    "No Acoustic Sonority": 0.022649653255939484,
    "No Angry Lyrics": 0.8888278007507324,
    "No Audio Production": 0.0036984197795391083,
    "No Aural Intensity": 0.0012570240069180727,
    "No Backbeat": 0.28520017862319946,
    "No Bass Guitar": 0.24978914856910706,
    "No Compound Meter": 0.9897598028182983,
    "No Cut Time Feel": 0.9921268224716187,
    "No Danceability": 0.027950746938586235,
    "No Drum Aggressiveness": 0.39327776432037354,
    "No Drum Set": 0.35355138778686523,
    "No Electric Guitar": 0.7559128403663635,
    "No Electric Guitar Distortion": 0.8169745206832886,
    "No Electric Sonority": 0.641787052154541,
    "No Explicit Lyrics": 0.9706889986991882,
    "No Focus on Form": 0.8785800933837891,
    "No Focus on Lead Vocal": 0.7242535948753357,
    "No Focus on Lyrics": 0.8307632207870483,
    "No Focus on Melody": 0.4902942180633545,
    "No Focus on Musical Arrangements": 0.07154356688261032,
    "No Focus on Performance": 0.008011569269001484,
    "No Focus on Rhythmic Groove": 0.014759087935090065,
    "No Focus on Riffs": 0.25102752447128296,
    "No Focus on Vocal Accompaniment": 0.4601422846317291,
    "No Happy/Joyful Lyrics": 0.459013432264328,
    "No Harmonic Sophistication": 0.13900727033615112,
    "No Horn Ensemble": 0.9324010610580444,
    "No Humorous Lyrics": 0.9088330268859863,
    "No Live Recording": 0.9847337007522583,
    "No Love/Romance Lyrics": 0.6273623108863831,
    "No Major": 0.7100613713264465,
    "No Minor": 0.8854900598526001,
    "No Odd Meter": 0.9963185787200928,
    "No Organ": 0.9127240180969238,
    "No Percussion": 0.6842821836471558,
    "No Piano": 0.8074131011962891,
    "No Reed Instrument": 0.9788870215415955,
    "No Rhodes": 0.9516708850860596,
    "No Sad Lyrics": 0.7168371677398682,
    "No Shuffle Feel": 0.9942435622215271,
    "No Social/Political Lyrics": 0.8688232898712158,
    "No String Ensemble": 0.916257917881012,
    "No Swing Feel": 0.9923032522201538,
    "No Syncopation Low to High": 0.039789050817489624,
    "No Synth Timbre": 0.9108934998512268,
    "No Synthesizer": 0.9107515811920166,
    "No Synthetic Drums": 0.9722311496734619,
    "No Synthetic Sonority": 0.9280623197555542,
    "No Tempo": 0.0016031537670642138,
    "No Triple Meter": 0.9972641468048096,
    "No Vocal Accompaniment": 0.4691716432571411,
    "No Vocal Breathiness": 0.48060235381126404,
    "No Vocal Grittiness": 0.3768056035041809,
    "No Vocal Nasality": 0.4399508237838745,
    "No Vocal Register": 0.5948215126991272,
    "No Vocal Smoothness": 0.5273874998092651,
    "No Vocal Timbre Thin to Full": 0.6778773069381714
}