{
    "No Abstract Lyrics": 0.8610894680023193,
    "No Acoustic Guitar": 0.9463135004043579,
    "No Acoustic Sonority": 0.02202451229095459,
    "No Angry Lyrics": 0.8967615365982056,
    "No Audio Production": 0.014616943895816803,
    "No Aural Intensity": 0.001748839858919382,
    "No Backbeat": 0.32841628789901733,
    "No Bass Guitar": 0.2836531400680542,
    "No Compound Meter": 0.9864000678062439,
    "No Cut Time Feel": 0.9921813011169434,
    "No Danceability": 0.07012529671192169,
    "No Drum Aggressiveness": 0.4696795344352722,
    "No Drum Set": 0.42891231179237366,
    "No Electric Guitar": 0.8018794655799866,
    "No Electric Guitar Distortion": 0.8428964018821716,
    "No Electric Sonority": 0.6989117860794067,
    "No Explicit Lyrics": 0.9751695394515991,
    "No Focus on Form": 0.9113614559173584,
    "No Focus on Lead Vocal": 0.7924522161483765,
    "No Focus on Lyrics": 0.8771706223487854,
    "No Focus on Melody": 0.6217702627182007,
    "No Focus on Musical Arrangements": 0.10040918737649918,
    "No Focus on Performance": 0.10332915186882019,
    "No Focus on Rhythmic Groove": 0.08612233400344849,
    "No Focus on Riffs": 0.30768996477127075,
    "No Focus on Vocal Accompaniment": 0.5553207993507385,
    "No Happy/Joyful Lyrics": 0.48308998346328735,
    "No Harmonic Sophistication": 0.19904540479183197,
    "No Horn Ensemble": 0.9504988789558411,
    "No Humorous Lyrics": 0.9240555763244629,
    "No Live Recording": 0.9857020974159241,
    "No Love/Romance Lyrics": 0.6681908369064331,
    "No Major": 0.7243736982345581,
    "No Minor": 0.8870928883552551,
    "No Odd Meter": 0.9968559741973877,
    "No Organ": 0.9257378578186035,
    "No Percussion": 0.7419660091400146,
    "No Piano": 0.8214071989059448,
    "No Reed Instrument": 0.9829109907150269,
    "No Rhodes": 0.9571307897567749,
    "No Sad Lyrics": 0.7345082759857178,
    "No Shuffle Feel": 0.9919165372848511,
    "No Social/Political Lyrics": 0.8759961128234863,
    "No String Ensemble": 0.928842306137085,
    "No Swing Feel": 0.9912557601928711,
    "No Syncopation Low to High": 0.026553958654403687,
    "No Synth Timbre": 0.9274948835372925,
    "No Synthesizer": 0.9269405603408813,
    "No Synthetic Drums": 0.9767590761184692,
    "No Synthetic Sonority": 0.946663498878479,
    "No Tempo": 0.0053256116807460785,
    "No Triple Meter": 0.998069167137146,
    "No Vocal Accompaniment": 0.563042163848877,
    "No Vocal Breathiness": 0.5357675552368164,
    "No Vocal Grittiness": 0.4312148094177246,
    "No Vocal Nasality": 0.47536420822143555,
    "No Vocal Register": 0.6877599358558655,
    "No Vocal Smoothness": 0.6029696464538574,
    "No Vocal Timbre Thin to Full": 0.7654792070388794
}