{
    "No Abstract Lyrics": 0.8498954772949219,
    "No Acoustic Guitar": 0.9430423974990845,
    "No Acoustic Sonority": 0.03715336322784424,
    "No Angry Lyrics": 0.8943562507629395,
    "No Audio Production": 0.0010203453712165356,
    "No Aural Intensity": 0.017133302986621857,
    "No Backbeat": 0.2132745385169983,
    "No Bass Guitar": 0.2339867502450943,
    "No Compound Meter": 0.9872221946716309,
    "No Cut Time Feel": 0.9912338852882385,
    "No Danceability": 0.0409921295940876,
    "No Drum Aggressiveness": 0.340605765581131,
    "No Drum Set": 0.30651718378067017,
    "No Electric Guitar": 0.7778451442718506,
    "No Electric Guitar Distortion": 0.8321853876113892,
    "No Electric Sonority": 0.6847448945045471,
    "No Explicit Lyrics": 0.9733027815818787,
    "No Focus on Form": 0.8767440319061279,
    "No Focus on Lead Vocal": 0.7598431706428528,
    "No Focus on Lyrics": 0.8949196338653564,
    "No Focus on Melody": 0.5591176748275757,
    "No Focus on Musical Arrangements": 0.05337978154420853,
    "No Focus on Performance": 0.10165444016456604,
    "No Focus on Rhythmic Groove": 0.04339019954204559,
    "No Focus on Riffs": 0.2575017213821411,
    "No Focus on Vocal Accompaniment": 0.5122566819190979,
    "No Happy/Joyful Lyrics": 0.46922528743743896,
    "No Harmonic Sophistication": 0.11749091744422913,
    "No Horn Ensemble": 0.9432333707809448,
    "No Humorous Lyrics": 0.9126410484313965,
    "No Live Recording": 0.9815255999565125,
    "No Love/Romance Lyrics": 0.646061897277832,
    "No Major": 0.7150651216506958,
    "No Minor": 0.8838012218475342,
    "No Odd Meter": 0.9971398115158081,
    "No Organ": 0.9095553159713745,
    "No Percussion": 0.7184540033340454,
    "No Piano": 0.8053669333457947,
    "No Reed Instrument": 0.9817543029785156,
    "No Rhodes": 0.9571026563644409,
    "No Sad Lyrics": 0.6949714422225952,
    "No Shuffle Feel": 0.9912523031234741,
    "No Social/Political Lyrics": 0.8671777248382568,
    "No String Ensemble": 0.9321429133415222,
    "No Swing Feel": 0.9933765530586243,
    "No Syncopation Low to High": 0.0259854719042778,
    "No Synth Timbre": 0.9195328950881958,
    "No Synthesizer": 0.9201226234436035,
    "No Synthetic Drums": 0.975728452205658,
    "No Synthetic Sonority": 0.9390954971313477,
    "No Tempo": 0.0010777012212201953,
    "No Triple Meter": 0.996685266494751,
    "No Vocal Accompaniment": 0.5170197486877441,
    "No Vocal Breathiness": 0.4782324433326721,
    "No Vocal Grittiness": 0.39365869760513306,
    "No Vocal Nasality": 0.4344343841075897,
    "No Vocal Register": 0.6362367868423462,
    "No Vocal Smoothness": 0.5469560623168945,
    "No Vocal Timbre Thin to Full": 0.6977843046188354
}