{
    "No Abstract Lyrics": 0.83640456199646,
    "No Acoustic Guitar": 0.9339028596878052,
    "No Acoustic Sonority": 0.06334558129310608,
    "No Angry Lyrics": 0.8853702545166016,
    "No Audio Production": 0.0009786902228370309,
    "No Aural Intensity": 0.0011138482950627804,
    "No Backbeat": 0.30376216769218445,
    "No Bass Guitar": 0.2541455626487732,
    "No Compound Meter": 0.9883418083190918,
    "No Cut Time Feel": 0.9902237057685852,
    "No Danceability": 0.04321402311325073,
    "No Drum Aggressiveness": 0.41497939825057983,
    "No Drum Set": 0.3848710358142853,
    "No Electric Guitar": 0.7822791934013367,
    "No Electric Guitar Distortion": 0.8283501863479614,
    "No Electric Sonority": 0.6759579181671143,
    "No Explicit Lyrics": 0.9693374037742615,
    "No Focus on Form": 0.8613578081130981,
    "No Focus on Lead Vocal": 0.680827260017395,
    "No Focus on Lyrics": 0.7768669128417969,
    "No Focus on Melody": 0.5779110193252563,
    "No Focus on Musical Arrangements": 0.08367755264043808,
    "No Focus on Performance": 0.005169536918401718,
    "No Focus on Rhythmic Groove": 0.12887361645698547,
    "No Focus on Riffs": 0.28654947876930237,
    "No Focus on Vocal Accompaniment": 0.4336685836315155,
    "No Happy/Joyful Lyrics": 0.4425852298736572,
    "No Harmonic Sophistication": 0.09137841314077377,
    "No Horn Ensemble": 0.9351001977920532,
    "No Humorous Lyrics": 0.9084768891334534,
    "No Live Recording": 0.9848814606666565,
    "No Love/Romance Lyrics": 0.609991192817688,
    "No Major": 0.714627742767334,
    "No Minor": 0.8814618587493896,
    "No Odd Meter": 0.9972349405288696,
    "No Organ": 0.9162014722824097,
    "No Percussion": 0.700359582901001,
    "No Piano": 0.8498343825340271,
    "No Reed Instrument": 0.9815227389335632,
    "No Rhodes": 0.9554058313369751,
    "No Sad Lyrics": 0.6903332471847534,
    "No Shuffle Feel": 0.9946277141571045,
    "No Social/Political Lyrics": 0.8615899682044983,
    "No String Ensemble": 0.9224865436553955,
    "No Swing Feel": 0.9926210641860962,
    "No Syncopation Low to High": 0.02618512511253357,
    "No Synth Timbre": 0.9187363982200623,
    "No Synthesizer": 0.9191471338272095,
    "No Synthetic Drums": 0.9739145040512085,
    "No Synthetic Sonority": 0.9381019473075867,
    "No Tempo": 0.0035210438072681427,
    "No Triple Meter": 0.997294008731842,
    "No Vocal Accompaniment": 0.43846261501312256,
    "No Vocal Breathiness": 0.4300742745399475,
    "No Vocal Grittiness": 0.3433254361152649,
    "No Vocal Nasality": 0.390336811542511,
    "No Vocal Register": 0.6154428720474243,
    "No Vocal Smoothness": 0.4791402518749237,
    "No Vocal Timbre Thin to Full": 0.6732889413833618
}