{
    "No Abstract Lyrics": 0.8646023273468018,
    "No Acoustic Guitar": 0.9467853903770447,
    "No Acoustic Sonority": 0.032543592154979706,
    "No Angry Lyrics": 0.8945119976997375,
    "No Audio Production": 0.018728360533714294,
    "No Aural Intensity": 0.0014641671441495419,
    "No Backbeat": 0.3229699730873108,
    "No Bass Guitar": 0.2810876965522766,
    "No Compound Meter": 0.9864259958267212,
    "No Cut Time Feel": 0.9920263290405273,
    "No Danceability": 0.08311070501804352,
    "No Drum Aggressiveness": 0.467865526676178,
    "No Drum Set": 0.4332594871520996,
    "No Electric Guitar": 0.7965359687805176,
    "No Electric Guitar Distortion": 0.8388522863388062,
    "No Electric Sonority": 0.6916717290878296,
    "No Explicit Lyrics": 0.975639820098877,
    "No Focus on Form": 0.9127004742622375,
    "No Focus on Lead Vocal": 0.7882530093193054,
    "No Focus on Lyrics": 0.8738821148872375,
    "No Focus on Melody": 0.6081304550170898,
    "No Focus on Musical Arrangements": 0.09246085584163666,
    "No Focus on Performance": 0.10421182215213776,
    "No Focus on Rhythmic Groove": 0.06763709336519241,
    "No Focus on Riffs": 0.3007965683937073,
    "No Focus on Vocal Accompaniment": 0.5543755292892456,
    "No Happy/Joyful Lyrics": 0.4873567223548889,
    "No Harmonic Sophistication": 0.19959291815757751,
    "No Horn Ensemble": 0.9542114734649658,
    "No Humorous Lyrics": 0.9259641170501709,
    "No Live Recording": 0.9855996966362,
    "No Love/Romance Lyrics": 0.6707475781440735,
    "No Major": 0.7234940528869629,
    "No Minor": 0.8861472010612488,
    "No Odd Meter": 0.9969874024391174,
    "No Organ": 0.9255825281143188,
    "No Percussion": 0.7351051568984985,
    "No Piano": 0.8170524835586548,
    "No Reed Instrument": 0.9834133982658386,
    "No Rhodes": 0.9573701620101929,
    "No Sad Lyrics": 0.7332293391227722,
    "No Shuffle Feel": 0.9919135570526123,
    "No Social/Political Lyrics": 0.8791780471801758,
    "No String Ensemble": 0.9282099008560181,
    "No Swing Feel": 0.9910341501235962,
    "No Syncopation Low to High": 0.03338601440191269,
    "No Synth Timbre": 0.9289555549621582,
    "No Synthesizer": 0.9283002614974976,
    "No Synthetic Drums": 0.9759635925292969,
    "No Synthetic Sonority": 0.9477550387382507,
    "No Tempo": 0.002230538520962,
    "No Triple Meter": 0.9980899095535278,
    "No Vocal Accompaniment": 0.5595396757125854,
    "No Vocal Breathiness": 0.529093861579895,
    "No Vocal Grittiness": 0.43401414155960083,
    "No Vocal Nasality": 0.4744739532470703,
    "No Vocal Register": 0.6910660266876221,
    "No Vocal Smoothness": 0.6054685115814209,
    "No Vocal Timbre Thin to Full": 0.7655909061431885
}