{
    "No Abstract Lyrics": 0.8500901460647583,
    "No Acoustic Guitar": 0.9337523579597473,
    "No Acoustic Sonority": 0.03536367416381836,
    "No Angry Lyrics": 0.8904281258583069,
    "No Audio Production": 0.005166179034858942,
    "No Aural Intensity": 0.0009720789967104793,
    "No Backbeat": 0.25696641206741333,
    "No Bass Guitar": 0.263197124004364,
    "No Compound Meter": 0.9898281097412109,
    "No Cut Time Feel": 0.9911373853683472,
    "No Danceability": 0.02996583841741085,
    "No Drum Aggressiveness": 0.3873441219329834,
    "No Drum Set": 0.3477060794830322,
    "No Electric Guitar": 0.7786970138549805,
    "No Electric Guitar Distortion": 0.8288381099700928,
    "No Electric Sonority": 0.671596884727478,
    "No Explicit Lyrics": 0.9733059406280518,
    "No Focus on Form": 0.8840712308883667,
    "No Focus on Lead Vocal": 0.7337180376052856,
    "No Focus on Lyrics": 0.8623558282852173,
    "No Focus on Melody": 0.5970053672790527,
    "No Focus on Musical Arrangements": 0.09234482049942017,
    "No Focus on Performance": 0.10278202593326569,
    "No Focus on Rhythmic Groove": 0.01872805878520012,
    "No Focus on Riffs": 0.2589636445045471,
    "No Focus on Vocal Accompaniment": 0.5683667063713074,
    "No Happy/Joyful Lyrics": 0.4832930564880371,
    "No Harmonic Sophistication": 0.18604932725429535,
    "No Horn Ensemble": 0.9492651224136353,
    "No Humorous Lyrics": 0.915505051612854,
    "No Live Recording": 0.9832459092140198,
    "No Love/Romance Lyrics": 0.6535521745681763,
    "No Major": 0.7035304307937622,
    "No Minor": 0.8901776671409607,
    "No Odd Meter": 0.9968792796134949,
    "No Organ": 0.910747766494751,
    "No Percussion": 0.6875859498977661,
    "No Piano": 0.8223943114280701,
    "No Reed Instrument": 0.9813644289970398,
    "No Rhodes": 0.9541008472442627,
    "No Sad Lyrics": 0.7130012512207031,
    "No Shuffle Feel": 0.9936946630477905,
    "No Social/Political Lyrics": 0.8754270076751709,
    "No String Ensemble": 0.9307423830032349,
    "No Swing Feel": 0.9916158318519592,
    "No Syncopation Low to High": 0.034273482859134674,
    "No Synth Timbre": 0.9167062044143677,
    "No Synthesizer": 0.9159688353538513,
    "No Synthetic Drums": 0.9746367335319519,
    "No Synthetic Sonority": 0.9366334080696106,
    "No Tempo": 0.0013067859690636396,
    "No Triple Meter": 0.9968816637992859,
    "No Vocal Accompaniment": 0.5770182609558105,
    "No Vocal Breathiness": 0.4790429174900055,
    "No Vocal Grittiness": 0.413463830947876,
    "No Vocal Nasality": 0.4418105483055115,
    "No Vocal Register": 0.6552898287773132,
    "No Vocal Smoothness": 0.5396767854690552,
    "No Vocal Timbre Thin to Full": 0.7069169282913208
}