{
    "No Abstract Lyrics": 0.8645311594009399,
    "No Acoustic Guitar": 0.9471318125724792,
    "No Acoustic Sonority": 0.028788074851036072,
    "No Angry Lyrics": 0.8964560031890869,
    "No Audio Production": 0.055865924805402756,
    "No Aural Intensity": 0.0019320296123623848,
    "No Backbeat": 0.3222355842590332,
    "No Bass Guitar": 0.2698267102241516,
    "No Compound Meter": 0.9865305423736572,
    "No Cut Time Feel": 0.9925456643104553,
    "No Danceability": 0.056452155113220215,
    "No Drum Aggressiveness": 0.4450392723083496,
    "No Drum Set": 0.4068215489387512,
    "No Electric Guitar": 0.7939995527267456,
    "No Electric Guitar Distortion": 0.8397475481033325,
    "No Electric Sonority": 0.68458092212677,
    "No Explicit Lyrics": 0.9759910106658936,
    "No Focus on Form": 0.9120978116989136,
    "No Focus on Lead Vocal": 0.7900259494781494,
    "No Focus on Lyrics": 0.8839700818061829,
    "No Focus on Melody": 0.5886831283569336,
    "No Focus on Musical Arrangements": 0.10227847099304199,
    "No Focus on Performance": 0.10279091447591782,
    "No Focus on Rhythmic Groove": 0.07882745563983917,
    "No Focus on Riffs": 0.3079054355621338,
    "No Focus on Vocal Accompaniment": 0.5611872673034668,
    "No Happy/Joyful Lyrics": 0.4878273606300354,
    "No Harmonic Sophistication": 0.22370567917823792,
    "No Horn Ensemble": 0.9510915279388428,
    "No Humorous Lyrics": 0.9266430139541626,
    "No Live Recording": 0.986200213432312,
    "No Love/Romance Lyrics": 0.672863245010376,
    "No Major": 0.7264097929000854,
    "No Minor": 0.8865634202957153,
    "No Odd Meter": 0.9969997406005859,
    "No Organ": 0.9250838160514832,
    "No Percussion": 0.7424852848052979,
    "No Piano": 0.8169674873352051,
    "No Reed Instrument": 0.9835544228553772,
    "No Rhodes": 0.9581692814826965,
    "No Sad Lyrics": 0.7372111082077026,
    "No Shuffle Feel": 0.9918593168258667,
    "No Social/Political Lyrics": 0.8760525584220886,
    "No String Ensemble": 0.9289686679840088,
    "No Swing Feel": 0.9912612438201904,
    "No Syncopation Low to High": 0.02739448845386505,
    "No Synth Timbre": 0.929915726184845,
    "No Synthesizer": 0.9293602108955383,
    "No Synthetic Drums": 0.9758619070053101,
    "No Synthetic Sonority": 0.9483169913291931,
    "No Tempo": 0.003570165252313018,
    "No Triple Meter": 0.9979527592658997,
    "No Vocal Accompaniment": 0.5697684288024902,
    "No Vocal Breathiness": 0.5416660308837891,
    "No Vocal Grittiness": 0.43639522790908813,
    "No Vocal Nasality": 0.47834867238998413,
    "No Vocal Register": 0.6929618120193481,
    "No Vocal Smoothness": 0.604292631149292,
    "No Vocal Timbre Thin to Full": 0.7686261534690857
}