{
    "No Abstract Lyrics": 0.8375606536865234,
    "No Acoustic Guitar": 0.9333055019378662,
    "No Acoustic Sonority": 0.06663059443235397,
    "No Angry Lyrics": 0.8856633305549622,
    "No Audio Production": 0.0011990778148174286,
    "No Aural Intensity": 0.0012159690959379077,
    "No Backbeat": 0.299166738986969,
    "No Bass Guitar": 0.2508113980293274,
    "No Compound Meter": 0.9889765381813049,
    "No Cut Time Feel": 0.9891071915626526,
    "No Danceability": 0.04872037097811699,
    "No Drum Aggressiveness": 0.40257465839385986,
    "No Drum Set": 0.3861255645751953,
    "No Electric Guitar": 0.7723821401596069,
    "No Electric Guitar Distortion": 0.8193206787109375,
    "No Electric Sonority": 0.6823767423629761,
    "No Explicit Lyrics": 0.9668274521827698,
    "No Focus on Form": 0.8595299124717712,
    "No Focus on Lead Vocal": 0.6886815428733826,
    "No Focus on Lyrics": 0.7974069118499756,
    "No Focus on Melody": 0.6056342124938965,
    "No Focus on Musical Arrangements": 0.11457091569900513,
    "No Focus on Performance": 0.0056608146987855434,
    "No Focus on Rhythmic Groove": 0.1488201767206192,
    "No Focus on Riffs": 0.2881934642791748,
    "No Focus on Vocal Accompaniment": 0.44005775451660156,
    "No Happy/Joyful Lyrics": 0.4387575387954712,
    "No Harmonic Sophistication": 0.09412668645381927,
    "No Horn Ensemble": 0.9358291029930115,
    "No Humorous Lyrics": 0.9111648201942444,
    "No Live Recording": 0.9847757816314697,
    "No Love/Romance Lyrics": 0.6014622449874878,
    "No Major": 0.7160128355026245,
    "No Minor": 0.8824446201324463,
    "No Odd Meter": 0.9970666170120239,
    "No Organ": 0.9164900779724121,
    "No Percussion": 0.6966156959533691,
    "No Piano": 0.8515302538871765,
    "No Reed Instrument": 0.9820123314857483,
    "No Rhodes": 0.9564577341079712,
    "No Sad Lyrics": 0.6847069263458252,
    "No Shuffle Feel": 0.9948819279670715,
    "No Social/Political Lyrics": 0.8617300987243652,
    "No String Ensemble": 0.9217451810836792,
    "No Swing Feel": 0.9920378923416138,
    "No Syncopation Low to High": 0.026315096765756607,
    "No Synth Timbre": 0.916441798210144,
    "No Synthesizer": 0.917333722114563,
    "No Synthetic Drums": 0.9741023778915405,
    "No Synthetic Sonority": 0.9362238645553589,
    "No Tempo": 0.002280707936733961,
    "No Triple Meter": 0.9978313446044922,
    "No Vocal Accompaniment": 0.44932499527931213,
    "No Vocal Breathiness": 0.41728076338768005,
    "No Vocal Grittiness": 0.3491300642490387,
    "No Vocal Nasality": 0.3924144506454468,
    "No Vocal Register": 0.616787850856781,
    "No Vocal Smoothness": 0.48096054792404175,
    "No Vocal Timbre Thin to Full": 0.674518346786499
}