{
    "No Abstract Lyrics": 0.8485921025276184,
    "No Acoustic Guitar": 0.940008282661438,
    "No Acoustic Sonority": 0.018180061131715775,
    "No Angry Lyrics": 0.8905442953109741,
    "No Audio Production": 0.0009675569017417729,
    "No Aural Intensity": 0.005431545432657003,
    "No Backbeat": 0.22945481538772583,
    "No Bass Guitar": 0.29199835658073425,
    "No Compound Meter": 0.9885354042053223,
    "No Cut Time Feel": 0.9922354221343994,
    "No Danceability": 0.05773170664906502,
    "No Drum Aggressiveness": 0.38928788900375366,
    "No Drum Set": 0.34180593490600586,
    "No Electric Guitar": 0.7807612419128418,
    "No Electric Guitar Distortion": 0.8364647626876831,
    "No Electric Sonority": 0.6695184111595154,
    "No Explicit Lyrics": 0.9731842279434204,
    "No Focus on Form": 0.8876030445098877,
    "No Focus on Lead Vocal": 0.6967913508415222,
    "No Focus on Lyrics": 0.8355699777603149,
    "No Focus on Melody": 0.5664383769035339,
    "No Focus on Musical Arrangements": 0.04665091633796692,
    "No Focus on Performance": 0.03785606846213341,
    "No Focus on Rhythmic Groove": 0.14920729398727417,
    "No Focus on Riffs": 0.24774500727653503,
    "No Focus on Vocal Accompaniment": 0.5238827466964722,
    "No Happy/Joyful Lyrics": 0.46675166487693787,
    "No Harmonic Sophistication": 0.08962550014257431,
    "No Horn Ensemble": 0.941076397895813,
    "No Humorous Lyrics": 0.9102860689163208,
    "No Live Recording": 0.9834825992584229,
    "No Love/Romance Lyrics": 0.6539013385772705,
    "No Major": 0.70855313539505,
    "No Minor": 0.8835433721542358,
    "No Odd Meter": 0.9963346123695374,
    "No Organ": 0.9127234220504761,
    "No Percussion": 0.7233148217201233,
    "No Piano": 0.8110345602035522,
    "No Reed Instrument": 0.9834636449813843,
    "No Rhodes": 0.9529685974121094,
    "No Sad Lyrics": 0.7141399383544922,
    "No Shuffle Feel": 0.993667721748352,
    "No Social/Political Lyrics": 0.8697850704193115,
    "No String Ensemble": 0.9308406114578247,
    "No Swing Feel": 0.9941070079803467,
    "No Syncopation Low to High": 0.029248764738440514,
    "No Synth Timbre": 0.9169381260871887,
    "No Synthesizer": 0.9170358777046204,
    "No Synthetic Drums": 0.9748161435127258,
    "No Synthetic Sonority": 0.939919114112854,
    "No Tempo": 0.0017395925242453814,
    "No Triple Meter": 0.9965575933456421,
    "No Vocal Accompaniment": 0.5351075530052185,
    "No Vocal Breathiness": 0.47611773014068604,
    "No Vocal Grittiness": 0.42166435718536377,
    "No Vocal Nasality": 0.4491433799266815,
    "No Vocal Register": 0.6066689491271973,
    "No Vocal Smoothness": 0.5278034806251526,
    "No Vocal Timbre Thin to Full": 0.6601585149765015
}