{
    "No Abstract Lyrics": 0.8358314633369446,
    "No Acoustic Guitar": 0.9349653720855713,
    "No Acoustic Sonority": 0.056783244013786316,
    "No Angry Lyrics": 0.8825186491012573,
    "No Audio Production": 0.0011706880759447813,
    "No Aural Intensity": 0.0010616043582558632,
    "No Backbeat": 0.28597092628479004,
    "No Bass Guitar": 0.23855841159820557,
    "No Compound Meter": 0.989316463470459,
    "No Cut Time Feel": 0.9891576170921326,
    "No Danceability": 0.038840752094984055,
    "No Drum Aggressiveness": 0.4165138006210327,
    "No Drum Set": 0.3782099485397339,
    "No Electric Guitar": 0.7741920351982117,
    "No Electric Guitar Distortion": 0.8207696676254272,
    "No Electric Sonority": 0.6792012453079224,
    "No Explicit Lyrics": 0.9669104814529419,
    "No Focus on Form": 0.8692734837532043,
    "No Focus on Lead Vocal": 0.6963121891021729,
    "No Focus on Lyrics": 0.8090157508850098,
    "No Focus on Melody": 0.593480110168457,
    "No Focus on Musical Arrangements": 0.11424556374549866,
    "No Focus on Performance": 0.004545585718005896,
    "No Focus on Rhythmic Groove": 0.12788613140583038,
    "No Focus on Riffs": 0.29606103897094727,
    "No Focus on Vocal Accompaniment": 0.4305036664009094,
    "No Happy/Joyful Lyrics": 0.4339402914047241,
    "No Harmonic Sophistication": 0.0916454941034317,
    "No Horn Ensemble": 0.935547411441803,
    "No Humorous Lyrics": 0.9090993404388428,
    "No Live Recording": 0.9846656322479248,
    "No Love/Romance Lyrics": 0.6138710975646973,
    "No Major": 0.7179148197174072,
    "No Minor": 0.8842649459838867,
    "No Odd Meter": 0.9971063733100891,
    "No Organ": 0.9128106832504272,
    "No Percussion": 0.69346022605896,
    "No Piano": 0.8455202579498291,
    "No Reed Instrument": 0.98221755027771,
    "No Rhodes": 0.9537171125411987,
    "No Sad Lyrics": 0.6800333857536316,
    "No Shuffle Feel": 0.9946402311325073,
    "No Social/Political Lyrics": 0.857261598110199,
    "No String Ensemble": 0.9180120229721069,
    "No Swing Feel": 0.9926586747169495,
    "No Syncopation Low to High": 0.030033137649297714,
    "No Synth Timbre": 0.9163878560066223,
    "No Synthesizer": 0.9166322946548462,
    "No Synthetic Drums": 0.9740678071975708,
    "No Synthetic Sonority": 0.9367094039916992,
    "No Tempo": 0.00284998188726604,
    "No Triple Meter": 0.9972087740898132,
    "No Vocal Accompaniment": 0.43758732080459595,
    "No Vocal Breathiness": 0.44104695320129395,
    "No Vocal Grittiness": 0.34853291511535645,
    "No Vocal Nasality": 0.40440574288368225,
    "No Vocal Register": 0.6323158740997314,
    "No Vocal Smoothness": 0.4827784299850464,
    "No Vocal Timbre Thin to Full": 0.6846790313720703
}