{
    "No Abstract Lyrics": 0.8871620893478394,
    "No Acoustic Guitar": 0.9127388000488281,
    "No Acoustic Sonority": 0.026800941675901413,
    "No Angry Lyrics": 0.9328858852386475,
    "No Audio Production": 0.0040680477395653725,
    "No Aural Intensity": 0.0007724472088739276,
    "No Backbeat": 0.24630001187324524,
    "No Bass Guitar": 0.1938762068748474,
    "No Compound Meter": 0.987112283706665,
    "No Cut Time Feel": 0.9908201694488525,
    "No Danceability": 0.0758977010846138,
    "No Drum Aggressiveness": 0.3184688091278076,
    "No Drum Set": 0.2783055305480957,
    "No Electric Guitar": 0.7454730272293091,
    "No Electric Guitar Distortion": 0.824599027633667,
    "No Electric Sonority": 0.625944972038269,
    "No Explicit Lyrics": 0.979004979133606,
    "No Focus on Form": 0.9081595540046692,
    "No Focus on Lead Vocal": 0.76153963804245,
    "No Focus on Lyrics": 0.8661190271377563,
    "No Focus on Melody": 0.6388832330703735,
    "No Focus on Musical Arrangements": 0.042700789868831635,
    "No Focus on Performance": 0.1030774712562561,
    "No Focus on Rhythmic Groove": 0.07673810422420502,
    "No Focus on Riffs": 0.27302658557891846,
    "No Focus on Vocal Accompaniment": 0.5798410773277283,
    "No Happy/Joyful Lyrics": 0.6060260534286499,
    "No Harmonic Sophistication": 0.09383893013000488,
    "No Horn Ensemble": 0.9326537847518921,
    "No Humorous Lyrics": 0.9333258867263794,
    "No Live Recording": 0.9853267669677734,
    "No Love/Romance Lyrics": 0.7772796154022217,
    "No Major": 0.7260843515396118,
    "No Minor": 0.8853304386138916,
    "No Odd Meter": 0.9974162578582764,
    "No Organ": 0.906913697719574,
    "No Percussion": 0.6746065616607666,
    "No Piano": 0.7876909971237183,
    "No Reed Instrument": 0.9805681705474854,
    "No Rhodes": 0.947943925857544,
    "No Sad Lyrics": 0.8110188245773315,
    "No Shuffle Feel": 0.9919875860214233,
    "No Social/Political Lyrics": 0.9185131788253784,
    "No String Ensemble": 0.9020631909370422,
    "No Swing Feel": 0.9904744625091553,
    "No Syncopation Low to High": 0.041616957634687424,
    "No Synth Timbre": 0.905769944190979,
    "No Synthesizer": 0.9061533808708191,
    "No Synthetic Drums": 0.9710418581962585,
    "No Synthetic Sonority": 0.9258729815483093,
    "No Tempo": 0.0013529922580346465,
    "No Triple Meter": 0.9979374408721924,
    "No Vocal Accompaniment": 0.5869879722595215,
    "No Vocal Breathiness": 0.5193140506744385,
    "No Vocal Grittiness": 0.4306672215461731,
    "No Vocal Nasality": 0.4613261818885803,
    "No Vocal Register": 0.6741338968276978,
    "No Vocal Smoothness": 0.5798333287239075,
    "No Vocal Timbre Thin to Full": 0.7537266612052917
}