{
    "No Abstract Lyrics": 0.8408268690109253,
    "No Acoustic Guitar": 0.9329432249069214,
    "No Acoustic Sonority": 0.01911962777376175,
    "No Angry Lyrics": 0.8799808621406555,
    "No Audio Production": 0.0011176771949976683,
    "No Aural Intensity": 0.004794314503669739,
    "No Backbeat": 0.2090553492307663,
    "No Bass Guitar": 0.2291552722454071,
    "No Compound Meter": 0.9865148067474365,
    "No Cut Time Feel": 0.9879740476608276,
    "No Danceability": 0.038992989808321,
    "No Drum Aggressiveness": 0.38349586725234985,
    "No Drum Set": 0.3143908381462097,
    "No Electric Guitar": 0.7621920108795166,
    "No Electric Guitar Distortion": 0.8028035163879395,
    "No Electric Sonority": 0.639563262462616,
    "No Explicit Lyrics": 0.9598771333694458,
    "No Focus on Form": 0.8807095289230347,
    "No Focus on Lead Vocal": 0.7500714063644409,
    "No Focus on Lyrics": 0.758083701133728,
    "No Focus on Melody": 0.5664992332458496,
    "No Focus on Musical Arrangements": 0.09968899190425873,
    "No Focus on Performance": 0.10312519967556,
    "No Focus on Rhythmic Groove": 0.024704337120056152,
    "No Focus on Riffs": 0.22478942573070526,
    "No Focus on Vocal Accompaniment": 0.5393232107162476,
    "No Happy/Joyful Lyrics": 0.4219822883605957,
    "No Harmonic Sophistication": 0.1337660849094391,
    "No Horn Ensemble": 0.947006344795227,
    "No Humorous Lyrics": 0.8889135122299194,
    "No Live Recording": 0.9805150628089905,
    "No Love/Romance Lyrics": 0.6003946661949158,
    "No Major": 0.6507418155670166,
    "No Minor": 0.872368335723877,
    "No Odd Meter": 0.9940959811210632,
    "No Organ": 0.9184929132461548,
    "No Percussion": 0.6796082854270935,
    "No Piano": 0.8231391906738281,
    "No Reed Instrument": 0.9760156869888306,
    "No Rhodes": 0.9487549662590027,
    "No Sad Lyrics": 0.676970362663269,
    "No Shuffle Feel": 0.9875668287277222,
    "No Social/Political Lyrics": 0.8423333168029785,
    "No String Ensemble": 0.9241213798522949,
    "No Swing Feel": 0.9865052700042725,
    "No Syncopation Low to High": 0.026614662259817123,
    "No Synth Timbre": 0.9038448333740234,
    "No Synthesizer": 0.9062086343765259,
    "No Synthetic Drums": 0.9679834842681885,
    "No Synthetic Sonority": 0.9262275695800781,
    "No Tempo": 0.003445669077336788,
    "No Triple Meter": 0.9959010481834412,
    "No Vocal Accompaniment": 0.5459827184677124,
    "No Vocal Breathiness": 0.46094197034835815,
    "No Vocal Grittiness": 0.3678146004676819,
    "No Vocal Nasality": 0.42052626609802246,
    "No Vocal Register": 0.614477276802063,
    "No Vocal Smoothness": 0.47476640343666077,
    "No Vocal Timbre Thin to Full": 0.7023429274559021
}