{
    "No Abstract Lyrics": 0.8538921475410461,
    "No Acoustic Guitar": 0.9345802068710327,
    "No Acoustic Sonority": 0.052640557289123535,
    "No Angry Lyrics": 0.8871443271636963,
    "No Audio Production": 0.002795475535094738,
    "No Aural Intensity": 0.0013060877099633217,
    "No Backbeat": 0.25294992327690125,
    "No Bass Guitar": 0.2674013376235962,
    "No Compound Meter": 0.9901154041290283,
    "No Cut Time Feel": 0.9911251068115234,
    "No Danceability": 0.03612789884209633,
    "No Drum Aggressiveness": 0.34569644927978516,
    "No Drum Set": 0.29076361656188965,
    "No Electric Guitar": 0.7587380409240723,
    "No Electric Guitar Distortion": 0.8156338930130005,
    "No Electric Sonority": 0.6686379909515381,
    "No Explicit Lyrics": 0.9726059436798096,
    "No Focus on Form": 0.8875709176063538,
    "No Focus on Lead Vocal": 0.7493551969528198,
    "No Focus on Lyrics": 0.873704195022583,
    "No Focus on Melody": 0.6155472993850708,
    "No Focus on Musical Arrangements": 0.11937999725341797,
    "No Focus on Performance": 0.03649934008717537,
    "No Focus on Rhythmic Groove": 0.024088554084300995,
    "No Focus on Riffs": 0.2650607228279114,
    "No Focus on Vocal Accompaniment": 0.5779873132705688,
    "No Happy/Joyful Lyrics": 0.47803986072540283,
    "No Harmonic Sophistication": 0.1551697999238968,
    "No Horn Ensemble": 0.9480321407318115,
    "No Humorous Lyrics": 0.9126147627830505,
    "No Live Recording": 0.982744574546814,
    "No Love/Romance Lyrics": 0.6508525609970093,
    "No Major": 0.711807370185852,
    "No Minor": 0.8919728398323059,
    "No Odd Meter": 0.9966843128204346,
    "No Organ": 0.911278486251831,
    "No Percussion": 0.6941457986831665,
    "No Piano": 0.8160907030105591,
    "No Reed Instrument": 0.9818100929260254,
    "No Rhodes": 0.9545767903327942,
    "No Sad Lyrics": 0.7120235562324524,
    "No Shuffle Feel": 0.993354320526123,
    "No Social/Political Lyrics": 0.8748688697814941,
    "No String Ensemble": 0.9282609224319458,
    "No Swing Feel": 0.9923413395881653,
    "No Syncopation Low to High": 0.04543082416057587,
    "No Synth Timbre": 0.9154255390167236,
    "No Synthesizer": 0.9154655933380127,
    "No Synthetic Drums": 0.9724772572517395,
    "No Synthetic Sonority": 0.9354349970817566,
    "No Tempo": 0.0013161157257854939,
    "No Triple Meter": 0.9968475699424744,
    "No Vocal Accompaniment": 0.5901634693145752,
    "No Vocal Breathiness": 0.471579909324646,
    "No Vocal Grittiness": 0.42776668071746826,
    "No Vocal Nasality": 0.4486464858055115,
    "No Vocal Register": 0.6461796760559082,
    "No Vocal Smoothness": 0.5452816486358643,
    "No Vocal Timbre Thin to Full": 0.7103835344314575
}