{
    "No Abstract Lyrics": 0.8531361222267151,
    "No Acoustic Guitar": 0.9368143081665039,
    "No Acoustic Sonority": 0.06309595704078674,
    "No Angry Lyrics": 0.8895940780639648,
    "No Audio Production": 0.002676938194781542,
    "No Aural Intensity": 0.0011683899210765958,
    "No Backbeat": 0.26954418420791626,
    "No Bass Guitar": 0.2787982225418091,
    "No Compound Meter": 0.9896815419197083,
    "No Cut Time Feel": 0.9910669326782227,
    "No Danceability": 0.028994210064411163,
    "No Drum Aggressiveness": 0.3489779233932495,
    "No Drum Set": 0.30037277936935425,
    "No Electric Guitar": 0.7710996270179749,
    "No Electric Guitar Distortion": 0.8234976530075073,
    "No Electric Sonority": 0.6613607406616211,
    "No Explicit Lyrics": 0.9706634283065796,
    "No Focus on Form": 0.882664144039154,
    "No Focus on Lead Vocal": 0.6987718939781189,
    "No Focus on Lyrics": 0.8497985601425171,
    "No Focus on Melody": 0.6286509037017822,
    "No Focus on Musical Arrangements": 0.054975882172584534,
    "No Focus on Performance": 0.035509057343006134,
    "No Focus on Rhythmic Groove": 0.011312872171401978,
    "No Focus on Riffs": 0.24839816987514496,
    "No Focus on Vocal Accompaniment": 0.5663683414459229,
    "No Happy/Joyful Lyrics": 0.4727824926376343,
    "No Harmonic Sophistication": 0.165882408618927,
    "No Horn Ensemble": 0.9466663599014282,
    "No Humorous Lyrics": 0.9103075265884399,
    "No Live Recording": 0.9835062623023987,
    "No Love/Romance Lyrics": 0.6514343619346619,
    "No Major": 0.704897403717041,
    "No Minor": 0.8821568489074707,
    "No Odd Meter": 0.99699866771698,
    "No Organ": 0.9199767708778381,
    "No Percussion": 0.68609619140625,
    "No Piano": 0.8129456043243408,
    "No Reed Instrument": 0.9823270440101624,
    "No Rhodes": 0.9556771516799927,
    "No Sad Lyrics": 0.7047216892242432,
    "No Shuffle Feel": 0.9935535192489624,
    "No Social/Political Lyrics": 0.8657474517822266,
    "No String Ensemble": 0.9250715970993042,
    "No Swing Feel": 0.9923804998397827,
    "No Syncopation Low to High": 0.03464759886264801,
    "No Synth Timbre": 0.9184793829917908,
    "No Synthesizer": 0.9182395935058594,
    "No Synthetic Drums": 0.9726112484931946,
    "No Synthetic Sonority": 0.9385860562324524,
    "No Tempo": 0.0013527809642255306,
    "No Triple Meter": 0.9972350001335144,
    "No Vocal Accompaniment": 0.5802299976348877,
    "No Vocal Breathiness": 0.46321046352386475,
    "No Vocal Grittiness": 0.41589614748954773,
    "No Vocal Nasality": 0.4295533001422882,
    "No Vocal Register": 0.6140255928039551,
    "No Vocal Smoothness": 0.5156095027923584,
    "No Vocal Timbre Thin to Full": 0.6850100755691528
}