{
    "No Abstract Lyrics": 0.849098801612854,
    "No Acoustic Guitar": 0.9343641996383667,
    "No Acoustic Sonority": 0.06269951164722443,
    "No Angry Lyrics": 0.8930894732475281,
    "No Audio Production": 0.011515027843415737,
    "No Aural Intensity": 0.0021423916332423687,
    "No Backbeat": 0.26859670877456665,
    "No Bass Guitar": 0.23860891163349152,
    "No Compound Meter": 0.9902053475379944,
    "No Cut Time Feel": 0.9913497567176819,
    "No Danceability": 0.035478055477142334,
    "No Drum Aggressiveness": 0.3415645360946655,
    "No Drum Set": 0.32525402307510376,
    "No Electric Guitar": 0.764835000038147,
    "No Electric Guitar Distortion": 0.8228763341903687,
    "No Electric Sonority": 0.6579220294952393,
    "No Explicit Lyrics": 0.9736930131912231,
    "No Focus on Form": 0.8894380331039429,
    "No Focus on Lead Vocal": 0.7388125658035278,
    "No Focus on Lyrics": 0.8833319544792175,
    "No Focus on Melody": 0.6082473993301392,
    "No Focus on Musical Arrangements": 0.06192028149962425,
    "No Focus on Performance": 0.037051476538181305,
    "No Focus on Rhythmic Groove": 0.022267092019319534,
    "No Focus on Riffs": 0.27788400650024414,
    "No Focus on Vocal Accompaniment": 0.5810344219207764,
    "No Happy/Joyful Lyrics": 0.46910005807876587,
    "No Harmonic Sophistication": 0.13202154636383057,
    "No Horn Ensemble": 0.9510198831558228,
    "No Humorous Lyrics": 0.9107096195220947,
    "No Live Recording": 0.982824444770813,
    "No Love/Romance Lyrics": 0.6532483100891113,
    "No Major": 0.7138899564743042,
    "No Minor": 0.8893692493438721,
    "No Odd Meter": 0.9960081577301025,
    "No Organ": 0.9186180233955383,
    "No Percussion": 0.6959542036056519,
    "No Piano": 0.8229588270187378,
    "No Reed Instrument": 0.9812727570533752,
    "No Rhodes": 0.9552408456802368,
    "No Sad Lyrics": 0.7079456448554993,
    "No Shuffle Feel": 0.9942545890808105,
    "No Social/Political Lyrics": 0.8673903942108154,
    "No String Ensemble": 0.9322226643562317,
    "No Swing Feel": 0.9926763772964478,
    "No Syncopation Low to High": 0.03564457595348358,
    "No Synth Timbre": 0.9159246683120728,
    "No Synthesizer": 0.9157522916793823,
    "No Synthetic Drums": 0.9750897884368896,
    "No Synthetic Sonority": 0.9369051456451416,
    "No Tempo": 0.00130398478358984,
    "No Triple Meter": 0.9969266057014465,
    "No Vocal Accompaniment": 0.5939831733703613,
    "No Vocal Breathiness": 0.4819990396499634,
    "No Vocal Grittiness": 0.4306226372718811,
    "No Vocal Nasality": 0.43953531980514526,
    "No Vocal Register": 0.6378819942474365,
    "No Vocal Smoothness": 0.526384711265564,
    "No Vocal Timbre Thin to Full": 0.6903724670410156
}