{
    "No Abstract Lyrics": 0.8406198024749756,
    "No Acoustic Guitar": 0.9305518865585327,
    "No Acoustic Sonority": 0.010815666988492012,
    "No Angry Lyrics": 0.8814141750335693,
    "No Audio Production": 0.0010294629028066993,
    "No Aural Intensity": 0.002904780674725771,
    "No Backbeat": 0.21922937035560608,
    "No Bass Guitar": 0.19707244634628296,
    "No Compound Meter": 0.9853465557098389,
    "No Cut Time Feel": 0.9864780306816101,
    "No Danceability": 0.03821026533842087,
    "No Drum Aggressiveness": 0.37746644020080566,
    "No Drum Set": 0.325724333524704,
    "No Electric Guitar": 0.7664602994918823,
    "No Electric Guitar Distortion": 0.8201144933700562,
    "No Electric Sonority": 0.6500266194343567,
    "No Explicit Lyrics": 0.9624781608581543,
    "No Focus on Form": 0.8751448392868042,
    "No Focus on Lead Vocal": 0.7382010817527771,
    "No Focus on Lyrics": 0.7954325675964355,
    "No Focus on Melody": 0.5885396003723145,
    "No Focus on Musical Arrangements": 0.09461411088705063,
    "No Focus on Performance": 0.102423295378685,
    "No Focus on Rhythmic Groove": 0.009513155557215214,
    "No Focus on Riffs": 0.2438492625951767,
    "No Focus on Vocal Accompaniment": 0.5349946022033691,
    "No Happy/Joyful Lyrics": 0.43450573086738586,
    "No Harmonic Sophistication": 0.09682460129261017,
    "No Horn Ensemble": 0.9464551210403442,
    "No Humorous Lyrics": 0.897895097732544,
    "No Live Recording": 0.9820883274078369,
    "No Love/Romance Lyrics": 0.5780016779899597,
    "No Major": 0.6284395456314087,
    "No Minor": 0.8685605525970459,
    "No Odd Meter": 0.9936849474906921,
    "No Organ": 0.9111843109130859,
    "No Percussion": 0.6750790476799011,
    "No Piano": 0.8261904716491699,
    "No Reed Instrument": 0.9757838249206543,
    "No Rhodes": 0.9492447376251221,
    "No Sad Lyrics": 0.6739506125450134,
    "No Shuffle Feel": 0.9880056977272034,
    "No Social/Political Lyrics": 0.851688027381897,
    "No String Ensemble": 0.9185789227485657,
    "No Swing Feel": 0.9870105981826782,
    "No Syncopation Low to High": 0.04827894642949104,
    "No Synth Timbre": 0.9017358422279358,
    "No Synthesizer": 0.9030864238739014,
    "No Synthetic Drums": 0.966519832611084,
    "No Synthetic Sonority": 0.9294241666793823,
    "No Tempo": 0.005670923739671707,
    "No Triple Meter": 0.9950863122940063,
    "No Vocal Accompaniment": 0.5287265181541443,
    "No Vocal Breathiness": 0.4366394877433777,
    "No Vocal Grittiness": 0.3757164478302002,
    "No Vocal Nasality": 0.41302886605262756,
    "No Vocal Register": 0.613828718662262,
    "No Vocal Smoothness": 0.48340487480163574,
    "No Vocal Timbre Thin to Full": 0.7082425355911255
}