{
    "No Abstract Lyrics": 0.8356482982635498,
    "No Acoustic Guitar": 0.936342179775238,
    "No Acoustic Sonority": 0.013579297810792923,
    "No Angry Lyrics": 0.8816847801208496,
    "No Audio Production": 0.002473275177180767,
    "No Aural Intensity": 0.0019271399360150099,
    "No Backbeat": 0.22431275248527527,
    "No Bass Guitar": 0.2339542806148529,
    "No Compound Meter": 0.9861375689506531,
    "No Cut Time Feel": 0.9840231537818909,
    "No Danceability": 0.035536736249923706,
    "No Drum Aggressiveness": 0.3456685543060303,
    "No Drum Set": 0.2907800078392029,
    "No Electric Guitar": 0.7619010806083679,
    "No Electric Guitar Distortion": 0.8021615743637085,
    "No Electric Sonority": 0.6546362638473511,
    "No Explicit Lyrics": 0.9633488655090332,
    "No Focus on Form": 0.8746803402900696,
    "No Focus on Lead Vocal": 0.7040156126022339,
    "No Focus on Lyrics": 0.7702950239181519,
    "No Focus on Melody": 0.5718317031860352,
    "No Focus on Musical Arrangements": 0.14599920809268951,
    "No Focus on Performance": 0.10230529308319092,
    "No Focus on Rhythmic Groove": 0.018633026629686356,
    "No Focus on Riffs": 0.22094625234603882,
    "No Focus on Vocal Accompaniment": 0.5258766412734985,
    "No Happy/Joyful Lyrics": 0.4428854286670685,
    "No Harmonic Sophistication": 0.11612017452716827,
    "No Horn Ensemble": 0.9467498064041138,
    "No Humorous Lyrics": 0.8992024064064026,
    "No Live Recording": 0.9828377366065979,
    "No Love/Romance Lyrics": 0.6169131994247437,
    "No Major": 0.625856876373291,
    "No Minor": 0.8573029637336731,
    "No Odd Meter": 0.9933614730834961,
    "No Organ": 0.9197710752487183,
    "No Percussion": 0.6770603656768799,
    "No Piano": 0.8213167786598206,
    "No Reed Instrument": 0.9765455722808838,
    "No Rhodes": 0.9498692154884338,
    "No Sad Lyrics": 0.6789398193359375,
    "No Shuffle Feel": 0.9886232614517212,
    "No Social/Political Lyrics": 0.8516497611999512,
    "No String Ensemble": 0.9256893396377563,
    "No Swing Feel": 0.9882715940475464,
    "No Syncopation Low to High": 0.02933632582426071,
    "No Synth Timbre": 0.9126416444778442,
    "No Synthesizer": 0.9125313758850098,
    "No Synthetic Drums": 0.968596339225769,
    "No Synthetic Sonority": 0.9287671446800232,
    "No Tempo": 0.003477549646049738,
    "No Triple Meter": 0.9955615997314453,
    "No Vocal Accompaniment": 0.5393506288528442,
    "No Vocal Breathiness": 0.4581444263458252,
    "No Vocal Grittiness": 0.3756660521030426,
    "No Vocal Nasality": 0.40028220415115356,
    "No Vocal Register": 0.5953540802001953,
    "No Vocal Smoothness": 0.5042956471443176,
    "No Vocal Timbre Thin to Full": 0.6331369876861572
}