{
    "No Abstract Lyrics": 0.8524358868598938,
    "No Acoustic Guitar": 0.9407803416252136,
    "No Acoustic Sonority": 0.018968459218740463,
    "No Angry Lyrics": 0.8924145698547363,
    "No Audio Production": 0.0011093353386968374,
    "No Aural Intensity": 0.005853054579347372,
    "No Backbeat": 0.29997867345809937,
    "No Bass Guitar": 0.2716503143310547,
    "No Compound Meter": 0.9875926375389099,
    "No Cut Time Feel": 0.9902704954147339,
    "No Danceability": 0.03776680305600166,
    "No Drum Aggressiveness": 0.40671950578689575,
    "No Drum Set": 0.37561434507369995,
    "No Electric Guitar": 0.7567287683486938,
    "No Electric Guitar Distortion": 0.8254515528678894,
    "No Electric Sonority": 0.6677870750427246,
    "No Explicit Lyrics": 0.9715187549591064,
    "No Focus on Form": 0.8937919735908508,
    "No Focus on Lead Vocal": 0.7052732706069946,
    "No Focus on Lyrics": 0.7923219203948975,
    "No Focus on Melody": 0.5643121004104614,
    "No Focus on Musical Arrangements": 0.0827019065618515,
    "No Focus on Performance": 0.10246362537145615,
    "No Focus on Rhythmic Groove": 0.13037188351154327,
    "No Focus on Riffs": 0.2433316856622696,
    "No Focus on Vocal Accompaniment": 0.5212132334709167,
    "No Happy/Joyful Lyrics": 0.4711517095565796,
    "No Harmonic Sophistication": 0.1450689733028412,
    "No Horn Ensemble": 0.944828450679779,
    "No Humorous Lyrics": 0.9117262363433838,
    "No Live Recording": 0.9830100536346436,
    "No Love/Romance Lyrics": 0.6428307890892029,
    "No Major": 0.7011652588844299,
    "No Minor": 0.8827151656150818,
    "No Odd Meter": 0.9959925413131714,
    "No Organ": 0.917263388633728,
    "No Percussion": 0.7199958562850952,
    "No Piano": 0.8232171535491943,
    "No Reed Instrument": 0.9811861515045166,
    "No Rhodes": 0.954465389251709,
    "No Sad Lyrics": 0.7020841836929321,
    "No Shuffle Feel": 0.9928887486457825,
    "No Social/Political Lyrics": 0.8689947128295898,
    "No String Ensemble": 0.927562415599823,
    "No Swing Feel": 0.9939271211624146,
    "No Syncopation Low to High": 0.052771881222724915,
    "No Synth Timbre": 0.9187793731689453,
    "No Synthesizer": 0.9186118841171265,
    "No Synthetic Drums": 0.9749820232391357,
    "No Synthetic Sonority": 0.9388840794563293,
    "No Tempo": 0.0010259361006319523,
    "No Triple Meter": 0.9976438283920288,
    "No Vocal Accompaniment": 0.5330246686935425,
    "No Vocal Breathiness": 0.4706222116947174,
    "No Vocal Grittiness": 0.4016687273979187,
    "No Vocal Nasality": 0.4224243462085724,
    "No Vocal Register": 0.6047866344451904,
    "No Vocal Smoothness": 0.5216252207756042,
    "No Vocal Timbre Thin to Full": 0.6688502430915833
}