{
    "No Abstract Lyrics": 0.8396990895271301,
    "No Acoustic Guitar": 0.9289748668670654,
    "No Acoustic Sonority": 0.024711161851882935,
    "No Angry Lyrics": 0.8896390199661255,
    "No Audio Production": 0.0009322091354988515,
    "No Aural Intensity": 0.0009728283039294183,
    "No Backbeat": 0.28145503997802734,
    "No Bass Guitar": 0.2799353003501892,
    "No Compound Meter": 0.9898951649665833,
    "No Cut Time Feel": 0.9914590120315552,
    "No Danceability": 0.028772447258234024,
    "No Drum Aggressiveness": 0.38974860310554504,
    "No Drum Set": 0.3390262722969055,
    "No Electric Guitar": 0.7494293451309204,
    "No Electric Guitar Distortion": 0.8184286952018738,
    "No Electric Sonority": 0.6221486926078796,
    "No Explicit Lyrics": 0.9711612462997437,
    "No Focus on Form": 0.8801177144050598,
    "No Focus on Lead Vocal": 0.6981765031814575,
    "No Focus on Lyrics": 0.8209930658340454,
    "No Focus on Melody": 0.4890868365764618,
    "No Focus on Musical Arrangements": 0.099556565284729,
    "No Focus on Performance": 0.027822190895676613,
    "No Focus on Rhythmic Groove": 0.014194546267390251,
    "No Focus on Riffs": 0.25890791416168213,
    "No Focus on Vocal Accompaniment": 0.4270470142364502,
    "No Happy/Joyful Lyrics": 0.45854103565216064,
    "No Harmonic Sophistication": 0.1436295509338379,
    "No Horn Ensemble": 0.9342605471611023,
    "No Humorous Lyrics": 0.906938910484314,
    "No Live Recording": 0.9841200113296509,
    "No Love/Romance Lyrics": 0.6300574541091919,
    "No Major": 0.7169152498245239,
    "No Minor": 0.8856725692749023,
    "No Odd Meter": 0.9958294630050659,
    "No Organ": 0.9090563654899597,
    "No Percussion": 0.6814312934875488,
    "No Piano": 0.8060837984085083,
    "No Reed Instrument": 0.977929949760437,
    "No Rhodes": 0.947815477848053,
    "No Sad Lyrics": 0.7070612907409668,
    "No Shuffle Feel": 0.9941222667694092,
    "No Social/Political Lyrics": 0.869586706161499,
    "No String Ensemble": 0.9184816479682922,
    "No Swing Feel": 0.9929764270782471,
    "No Syncopation Low to High": 0.03252362459897995,
    "No Synth Timbre": 0.9081686735153198,
    "No Synthesizer": 0.9078466296195984,
    "No Synthetic Drums": 0.972320556640625,
    "No Synthetic Sonority": 0.9272040128707886,
    "No Tempo": 0.0012826344463974237,
    "No Triple Meter": 0.9973223209381104,
    "No Vocal Accompaniment": 0.4416402280330658,
    "No Vocal Breathiness": 0.47780150175094604,
    "No Vocal Grittiness": 0.38254302740097046,
    "No Vocal Nasality": 0.4144600033760071,
    "No Vocal Register": 0.6096023917198181,
    "No Vocal Smoothness": 0.5140522718429565,
    "No Vocal Timbre Thin to Full": 0.6831377148628235
}