{
    "No Abstract Lyrics": 0.8372738361358643,
    "No Acoustic Guitar": 0.927664041519165,
    "No Acoustic Sonority": 0.012320046313107014,
    "No Angry Lyrics": 0.8743693828582764,
    "No Audio Production": 0.0013899966143071651,
    "No Aural Intensity": 0.0025539263151586056,
    "No Backbeat": 0.23165079951286316,
    "No Bass Guitar": 0.24508386850357056,
    "No Compound Meter": 0.98439621925354,
    "No Cut Time Feel": 0.9872854948043823,
    "No Danceability": 0.05994188040494919,
    "No Drum Aggressiveness": 0.40775424242019653,
    "No Drum Set": 0.3632972240447998,
    "No Electric Guitar": 0.7580921649932861,
    "No Electric Guitar Distortion": 0.8134671449661255,
    "No Electric Sonority": 0.6331667900085449,
    "No Explicit Lyrics": 0.9655580520629883,
    "No Focus on Form": 0.8595871925354004,
    "No Focus on Lead Vocal": 0.7550457715988159,
    "No Focus on Lyrics": 0.7907814979553223,
    "No Focus on Melody": 0.5738604664802551,
    "No Focus on Musical Arrangements": 0.10556219518184662,
    "No Focus on Performance": 0.10411396622657776,
    "No Focus on Rhythmic Groove": 0.013552797958254814,
    "No Focus on Riffs": 0.21825511753559113,
    "No Focus on Vocal Accompaniment": 0.5244299173355103,
    "No Happy/Joyful Lyrics": 0.42648836970329285,
    "No Harmonic Sophistication": 0.09235882759094238,
    "No Horn Ensemble": 0.9432480931282043,
    "No Humorous Lyrics": 0.8908321857452393,
    "No Live Recording": 0.9800757169723511,
    "No Love/Romance Lyrics": 0.6178116798400879,
    "No Major": 0.665816605091095,
    "No Minor": 0.8687206506729126,
    "No Odd Meter": 0.9941569566726685,
    "No Organ": 0.9135937690734863,
    "No Percussion": 0.6862009763717651,
    "No Piano": 0.824366569519043,
    "No Reed Instrument": 0.9752110242843628,
    "No Rhodes": 0.9466310739517212,
    "No Sad Lyrics": 0.6799250841140747,
    "No Shuffle Feel": 0.9873898029327393,
    "No Social/Political Lyrics": 0.8481183052062988,
    "No String Ensemble": 0.9236781597137451,
    "No Swing Feel": 0.9877575635910034,
    "No Syncopation Low to High": 0.024187862873077393,
    "No Synth Timbre": 0.8995202779769897,
    "No Synthesizer": 0.8998446464538574,
    "No Synthetic Drums": 0.9685821533203125,
    "No Synthetic Sonority": 0.9279841184616089,
    "No Tempo": 0.0015404752921313047,
    "No Triple Meter": 0.9956252574920654,
    "No Vocal Accompaniment": 0.5234273672103882,
    "No Vocal Breathiness": 0.43445688486099243,
    "No Vocal Grittiness": 0.38843265175819397,
    "No Vocal Nasality": 0.41031867265701294,
    "No Vocal Register": 0.6404999494552612,
    "No Vocal Smoothness": 0.5238757133483887,
    "No Vocal Timbre Thin to Full": 0.718044638633728
}