{
    "No Abstract Lyrics": 0.8861254453659058,
    "No Acoustic Guitar": 0.9138988852500916,
    "No Acoustic Sonority": 0.02154688909649849,
    "No Angry Lyrics": 0.9334365129470825,
    "No Audio Production": 0.003890375606715679,
    "No Aural Intensity": 0.0009225609828718007,
    "No Backbeat": 0.24859270453453064,
    "No Bass Guitar": 0.1898404359817505,
    "No Compound Meter": 0.986544668674469,
    "No Cut Time Feel": 0.9908910989761353,
    "No Danceability": 0.07041937112808228,
    "No Drum Aggressiveness": 0.3088195323944092,
    "No Drum Set": 0.26711389422416687,
    "No Electric Guitar": 0.7398741841316223,
    "No Electric Guitar Distortion": 0.82086181640625,
    "No Electric Sonority": 0.6113949418067932,
    "No Explicit Lyrics": 0.9798930883407593,
    "No Focus on Form": 0.91187584400177,
    "No Focus on Lead Vocal": 0.7497668266296387,
    "No Focus on Lyrics": 0.8630046844482422,
    "No Focus on Melody": 0.6477147936820984,
    "No Focus on Musical Arrangements": 0.045871224254369736,
    "No Focus on Performance": 0.10351728647947311,
    "No Focus on Rhythmic Groove": 0.10592539608478546,
    "No Focus on Riffs": 0.2684413194656372,
    "No Focus on Vocal Accompaniment": 0.5763504505157471,
    "No Happy/Joyful Lyrics": 0.5994508266448975,
    "No Harmonic Sophistication": 0.09253298491239548,
    "No Horn Ensemble": 0.9345020055770874,
    "No Humorous Lyrics": 0.9334167242050171,
    "No Live Recording": 0.9852063655853271,
    "No Love/Romance Lyrics": 0.7758712768554688,
    "No Major": 0.7187711000442505,
    "No Minor": 0.8846074342727661,
    "No Odd Meter": 0.9970400333404541,
    "No Organ": 0.9075931310653687,
    "No Percussion": 0.6677035093307495,
    "No Piano": 0.7891004085540771,
    "No Reed Instrument": 0.9807871580123901,
    "No Rhodes": 0.9459340572357178,
    "No Sad Lyrics": 0.8150520324707031,
    "No Shuffle Feel": 0.9912520051002502,
    "No Social/Political Lyrics": 0.920134425163269,
    "No String Ensemble": 0.9011949300765991,
    "No Swing Feel": 0.9910756945610046,
    "No Syncopation Low to High": 0.036782536655664444,
    "No Synth Timbre": 0.905361533164978,
    "No Synthesizer": 0.9055577516555786,
    "No Synthetic Drums": 0.9697158932685852,
    "No Synthetic Sonority": 0.9257040619850159,
    "No Tempo": 0.0012586450902745128,
    "No Triple Meter": 0.9973872900009155,
    "No Vocal Accompaniment": 0.582804799079895,
    "No Vocal Breathiness": 0.5156058073043823,
    "No Vocal Grittiness": 0.41823309659957886,
    "No Vocal Nasality": 0.4563485383987427,
    "No Vocal Register": 0.6598707437515259,
    "No Vocal Smoothness": 0.5699940323829651,
    "No Vocal Timbre Thin to Full": 0.7358239889144897
}