{
    "No Abstract Lyrics": 0.8656629920005798,
    "No Acoustic Guitar": 0.9491431713104248,
    "No Acoustic Sonority": 0.02966977283358574,
    "No Angry Lyrics": 0.8964641094207764,
    "No Audio Production": 0.020029334351420403,
    "No Aural Intensity": 0.002522106282413006,
    "No Backbeat": 0.315693199634552,
    "No Bass Guitar": 0.2689596116542816,
    "No Compound Meter": 0.9869886636734009,
    "No Cut Time Feel": 0.9921395778656006,
    "No Danceability": 0.061225175857543945,
    "No Drum Aggressiveness": 0.4485609829425812,
    "No Drum Set": 0.42075207829475403,
    "No Electric Guitar": 0.7968235015869141,
    "No Electric Guitar Distortion": 0.8390072584152222,
    "No Electric Sonority": 0.6988930106163025,
    "No Explicit Lyrics": 0.9757627248764038,
    "No Focus on Form": 0.9127650260925293,
    "No Focus on Lead Vocal": 0.7925209999084473,
    "No Focus on Lyrics": 0.880128026008606,
    "No Focus on Melody": 0.637036919593811,
    "No Focus on Musical Arrangements": 0.11864906549453735,
    "No Focus on Performance": 0.10397278517484665,
    "No Focus on Rhythmic Groove": 0.060218434780836105,
    "No Focus on Riffs": 0.3058709502220154,
    "No Focus on Vocal Accompaniment": 0.5518926382064819,
    "No Happy/Joyful Lyrics": 0.4907596707344055,
    "No Harmonic Sophistication": 0.18040116131305695,
    "No Horn Ensemble": 0.9506381154060364,
    "No Humorous Lyrics": 0.9258813858032227,
    "No Live Recording": 0.9860732555389404,
    "No Love/Romance Lyrics": 0.6681463718414307,
    "No Major": 0.7267605066299438,
    "No Minor": 0.8847330808639526,
    "No Odd Meter": 0.997111439704895,
    "No Organ": 0.9268307685852051,
    "No Percussion": 0.7439318895339966,
    "No Piano": 0.8213160037994385,
    "No Reed Instrument": 0.9839155673980713,
    "No Rhodes": 0.956925630569458,
    "No Sad Lyrics": 0.7376022338867188,
    "No Shuffle Feel": 0.9920556545257568,
    "No Social/Political Lyrics": 0.8777758479118347,
    "No String Ensemble": 0.9302694797515869,
    "No Swing Feel": 0.9910646677017212,
    "No Syncopation Low to High": 0.03002474457025528,
    "No Synth Timbre": 0.9292336702346802,
    "No Synthesizer": 0.9284620881080627,
    "No Synthetic Drums": 0.9768519401550293,
    "No Synthetic Sonority": 0.9474844336509705,
    "No Tempo": 0.0024086635094136,
    "No Triple Meter": 0.9984031915664673,
    "No Vocal Accompaniment": 0.5630950331687927,
    "No Vocal Breathiness": 0.5309146642684937,
    "No Vocal Grittiness": 0.4292612671852112,
    "No Vocal Nasality": 0.477939635515213,
    "No Vocal Register": 0.689337968826294,
    "No Vocal Smoothness": 0.5974786281585693,
    "No Vocal Timbre Thin to Full": 0.7666429281234741
}