{
    "No Abstract Lyrics": 0.8492444157600403,
    "No Acoustic Guitar": 0.9355311393737793,
    "No Acoustic Sonority": 0.03309490531682968,
    "No Angry Lyrics": 0.8913474082946777,
    "No Audio Production": 0.0013090306892991066,
    "No Aural Intensity": 0.0016214478528127074,
    "No Backbeat": 0.26552820205688477,
    "No Bass Guitar": 0.25431573390960693,
    "No Compound Meter": 0.9886205792427063,
    "No Cut Time Feel": 0.9896135330200195,
    "No Danceability": 0.031044907867908478,
    "No Drum Aggressiveness": 0.3791295289993286,
    "No Drum Set": 0.34557852149009705,
    "No Electric Guitar": 0.7803714275360107,
    "No Electric Guitar Distortion": 0.8301104307174683,
    "No Electric Sonority": 0.6712868213653564,
    "No Explicit Lyrics": 0.9735856652259827,
    "No Focus on Form": 0.8841953277587891,
    "No Focus on Lead Vocal": 0.749549150466919,
    "No Focus on Lyrics": 0.8528507947921753,
    "No Focus on Melody": 0.6047265529632568,
    "No Focus on Musical Arrangements": 0.04218193143606186,
    "No Focus on Performance": 0.0354655459523201,
    "No Focus on Rhythmic Groove": 0.014448975212872028,
    "No Focus on Riffs": 0.258730411529541,
    "No Focus on Vocal Accompaniment": 0.5644588470458984,
    "No Happy/Joyful Lyrics": 0.47385668754577637,
    "No Harmonic Sophistication": 0.17608080804347992,
    "No Horn Ensemble": 0.951806902885437,
    "No Humorous Lyrics": 0.9101298451423645,
    "No Live Recording": 0.9843829274177551,
    "No Love/Romance Lyrics": 0.6423834562301636,
    "No Major": 0.7096575498580933,
    "No Minor": 0.8898817896842957,
    "No Odd Meter": 0.9960246086120605,
    "No Organ": 0.9197174906730652,
    "No Percussion": 0.6916778087615967,
    "No Piano": 0.8201695680618286,
    "No Reed Instrument": 0.982763409614563,
    "No Rhodes": 0.9572460651397705,
    "No Sad Lyrics": 0.6995753049850464,
    "No Shuffle Feel": 0.992125928401947,
    "No Social/Political Lyrics": 0.8774965405464172,
    "No String Ensemble": 0.9295779466629028,
    "No Swing Feel": 0.9919675588607788,
    "No Syncopation Low to High": 0.039894137531518936,
    "No Synth Timbre": 0.9183962941169739,
    "No Synthesizer": 0.9185701012611389,
    "No Synthetic Drums": 0.9727694392204285,
    "No Synthetic Sonority": 0.9393890500068665,
    "No Tempo": 0.0018567690858617425,
    "No Triple Meter": 0.9968296885490417,
    "No Vocal Accompaniment": 0.581936776638031,
    "No Vocal Breathiness": 0.47244787216186523,
    "No Vocal Grittiness": 0.41425567865371704,
    "No Vocal Nasality": 0.43597328662872314,
    "No Vocal Register": 0.6330649852752686,
    "No Vocal Smoothness": 0.522965669631958,
    "No Vocal Timbre Thin to Full": 0.7037068605422974
}