{
    "No Abstract Lyrics": 0.8451876044273376,
    "No Acoustic Guitar": 0.9278773069381714,
    "No Acoustic Sonority": 0.031121667474508286,
    "No Angry Lyrics": 0.8909685611724854,
    "No Audio Production": 0.0010468957480043173,
    "No Aural Intensity": 0.0012770736357197165,
    "No Backbeat": 0.2988477051258087,
    "No Bass Guitar": 0.27242833375930786,
    "No Compound Meter": 0.9895405769348145,
    "No Cut Time Feel": 0.9916095733642578,
    "No Danceability": 0.028531236574053764,
    "No Drum Aggressiveness": 0.39474016427993774,
    "No Drum Set": 0.3437846302986145,
    "No Electric Guitar": 0.7536686658859253,
    "No Electric Guitar Distortion": 0.8180054426193237,
    "No Electric Sonority": 0.6345478296279907,
    "No Explicit Lyrics": 0.970352053642273,
    "No Focus on Form": 0.8780638575553894,
    "No Focus on Lead Vocal": 0.7435315251350403,
    "No Focus on Lyrics": 0.8395472764968872,
    "No Focus on Melody": 0.5056428909301758,
    "No Focus on Musical Arrangements": 0.08538426458835602,
    "No Focus on Performance": 0.031024890020489693,
    "No Focus on Rhythmic Groove": 0.017412077635526657,
    "No Focus on Riffs": 0.26753467321395874,
    "No Focus on Vocal Accompaniment": 0.44925880432128906,
    "No Happy/Joyful Lyrics": 0.45865893363952637,
    "No Harmonic Sophistication": 0.1237998753786087,
    "No Horn Ensemble": 0.9329398274421692,
    "No Humorous Lyrics": 0.9106652736663818,
    "No Live Recording": 0.9833763241767883,
    "No Love/Romance Lyrics": 0.6231189966201782,
    "No Major": 0.7229753732681274,
    "No Minor": 0.8882743120193481,
    "No Odd Meter": 0.9961530566215515,
    "No Organ": 0.91340172290802,
    "No Percussion": 0.6886558532714844,
    "No Piano": 0.8025847673416138,
    "No Reed Instrument": 0.9792333841323853,
    "No Rhodes": 0.94870525598526,
    "No Sad Lyrics": 0.714674174785614,
    "No Shuffle Feel": 0.9945575594902039,
    "No Social/Political Lyrics": 0.866000771522522,
    "No String Ensemble": 0.9179829955101013,
    "No Swing Feel": 0.9919703006744385,
    "No Syncopation Low to High": 0.03642643988132477,
    "No Synth Timbre": 0.9104593992233276,
    "No Synthesizer": 0.9105699062347412,
    "No Synthetic Drums": 0.9725396633148193,
    "No Synthetic Sonority": 0.9300915598869324,
    "No Tempo": 0.0011988605838268995,
    "No Triple Meter": 0.9975036978721619,
    "No Vocal Accompaniment": 0.458175927400589,
    "No Vocal Breathiness": 0.4994107484817505,
    "No Vocal Grittiness": 0.4077420234680176,
    "No Vocal Nasality": 0.4340440034866333,
    "No Vocal Register": 0.605712354183197,
    "No Vocal Smoothness": 0.5145508050918579,
    "No Vocal Timbre Thin to Full": 0.6937044858932495
}