{
    "No Abstract Lyrics": 0.8633915781974792,
    "No Acoustic Guitar": 0.947524905204773,
    "No Acoustic Sonority": 0.027409754693508148,
    "No Angry Lyrics": 0.8930743932723999,
    "No Audio Production": 0.03630375117063522,
    "No Aural Intensity": 0.002110603731125593,
    "No Backbeat": 0.3286641836166382,
    "No Bass Guitar": 0.2944483757019043,
    "No Compound Meter": 0.985865592956543,
    "No Cut Time Feel": 0.9921634197235107,
    "No Danceability": 0.07210466265678406,
    "No Drum Aggressiveness": 0.45607054233551025,
    "No Drum Set": 0.44142451882362366,
    "No Electric Guitar": 0.7913157939910889,
    "No Electric Guitar Distortion": 0.8393489122390747,
    "No Electric Sonority": 0.6921130418777466,
    "No Explicit Lyrics": 0.9760307669639587,
    "No Focus on Form": 0.9151071310043335,
    "No Focus on Lead Vocal": 0.790688157081604,
    "No Focus on Lyrics": 0.8749516010284424,
    "No Focus on Melody": 0.6121615767478943,
    "No Focus on Musical Arrangements": 0.09458452463150024,
    "No Focus on Performance": 0.1038399189710617,
    "No Focus on Rhythmic Groove": 0.06256388127803802,
    "No Focus on Riffs": 0.3032095432281494,
    "No Focus on Vocal Accompaniment": 0.5548831224441528,
    "No Happy/Joyful Lyrics": 0.49412602186203003,
    "No Harmonic Sophistication": 0.17191991209983826,
    "No Horn Ensemble": 0.9514071941375732,
    "No Humorous Lyrics": 0.9264995455741882,
    "No Live Recording": 0.9858406782150269,
    "No Love/Romance Lyrics": 0.6694045066833496,
    "No Major": 0.7281983494758606,
    "No Minor": 0.8839808702468872,
    "No Odd Meter": 0.9967105984687805,
    "No Organ": 0.9271657466888428,
    "No Percussion": 0.7416869401931763,
    "No Piano": 0.819297194480896,
    "No Reed Instrument": 0.9833979606628418,
    "No Rhodes": 0.9567707180976868,
    "No Sad Lyrics": 0.7371029853820801,
    "No Shuffle Feel": 0.9916460514068604,
    "No Social/Political Lyrics": 0.8766226768493652,
    "No String Ensemble": 0.9292907118797302,
    "No Swing Feel": 0.9918088316917419,
    "No Syncopation Low to High": 0.02646351419389248,
    "No Synth Timbre": 0.9293014407157898,
    "No Synthesizer": 0.9290060997009277,
    "No Synthetic Drums": 0.9772231578826904,
    "No Synthetic Sonority": 0.9479209780693054,
    "No Tempo": 0.004847433418035507,
    "No Triple Meter": 0.9979551434516907,
    "No Vocal Accompaniment": 0.5638504028320312,
    "No Vocal Breathiness": 0.5320583581924438,
    "No Vocal Grittiness": 0.4308174252510071,
    "No Vocal Nasality": 0.483310341835022,
    "No Vocal Register": 0.7002658247947693,
    "No Vocal Smoothness": 0.5985041856765747,
    "No Vocal Timbre Thin to Full": 0.7654716968536377
}