{
    "No Abstract Lyrics": 0.8873085975646973,
    "No Acoustic Guitar": 0.9148751497268677,
    "No Acoustic Sonority": 0.01821903884410858,
    "No Angry Lyrics": 0.9329394102096558,
    "No Audio Production": 0.0017024532426148653,
    "No Aural Intensity": 0.001463648397475481,
    "No Backbeat": 0.2605060338973999,
    "No Bass Guitar": 0.19223734736442566,
    "No Compound Meter": 0.9873321652412415,
    "No Cut Time Feel": 0.9906357526779175,
    "No Danceability": 0.06396570801734924,
    "No Drum Aggressiveness": 0.32420870661735535,
    "No Drum Set": 0.2696002125740051,
    "No Electric Guitar": 0.7553812861442566,
    "No Electric Guitar Distortion": 0.8281870484352112,
    "No Electric Sonority": 0.622867226600647,
    "No Explicit Lyrics": 0.9785224199295044,
    "No Focus on Form": 0.9078333973884583,
    "No Focus on Lead Vocal": 0.7510385513305664,
    "No Focus on Lyrics": 0.8673681616783142,
    "No Focus on Melody": 0.6231036186218262,
    "No Focus on Musical Arrangements": 0.0803297683596611,
    "No Focus on Performance": 0.10301555693149567,
    "No Focus on Rhythmic Groove": 0.04491093009710312,
    "No Focus on Riffs": 0.27361389994621277,
    "No Focus on Vocal Accompaniment": 0.5831658244132996,
    "No Happy/Joyful Lyrics": 0.601177453994751,
    "No Harmonic Sophistication": 0.09172610938549042,
    "No Horn Ensemble": 0.9354339241981506,
    "No Humorous Lyrics": 0.9333400726318359,
    "No Live Recording": 0.9851993918418884,
    "No Love/Romance Lyrics": 0.7767326831817627,
    "No Major": 0.7293071150779724,
    "No Minor": 0.8861138820648193,
    "No Odd Meter": 0.996799111366272,
    "No Organ": 0.909247100353241,
    "No Percussion": 0.6730642914772034,
    "No Piano": 0.7807897925376892,
    "No Reed Instrument": 0.9805148243904114,
    "No Rhodes": 0.9469329118728638,
    "No Sad Lyrics": 0.8119314908981323,
    "No Shuffle Feel": 0.9914644956588745,
    "No Social/Political Lyrics": 0.9226445555686951,
    "No String Ensemble": 0.898786187171936,
    "No Swing Feel": 0.9910109043121338,
    "No Syncopation Low to High": 0.03399290889501572,
    "No Synth Timbre": 0.9079618453979492,
    "No Synthesizer": 0.9081889390945435,
    "No Synthetic Drums": 0.970525860786438,
    "No Synthetic Sonority": 0.927734375,
    "No Tempo": 0.001646803691983223,
    "No Triple Meter": 0.9980440139770508,
    "No Vocal Accompaniment": 0.5869429707527161,
    "No Vocal Breathiness": 0.5282254219055176,
    "No Vocal Grittiness": 0.4278889000415802,
    "No Vocal Nasality": 0.46203726530075073,
    "No Vocal Register": 0.6694499254226685,
    "No Vocal Smoothness": 0.5764284133911133,
    "No Vocal Timbre Thin to Full": 0.753217875957489
}