{
    "No Abstract Lyrics": 0.8299641609191895,
    "No Acoustic Guitar": 0.9351153373718262,
    "No Acoustic Sonority": 0.020148027688264847,
    "No Angry Lyrics": 0.8702159523963928,
    "No Audio Production": 0.005368596408516169,
    "No Aural Intensity": 0.0025031189434230328,
    "No Backbeat": 0.27222132682800293,
    "No Bass Guitar": 0.24931660294532776,
    "No Compound Meter": 0.9850370287895203,
    "No Cut Time Feel": 0.9891521334648132,
    "No Danceability": 0.031785979866981506,
    "No Drum Aggressiveness": 0.335360050201416,
    "No Drum Set": 0.2980126738548279,
    "No Electric Guitar": 0.7677768468856812,
    "No Electric Guitar Distortion": 0.8099435567855835,
    "No Electric Sonority": 0.6651661396026611,
    "No Explicit Lyrics": 0.9635195136070251,
    "No Focus on Form": 0.8717891573905945,
    "No Focus on Lead Vocal": 0.7329723834991455,
    "No Focus on Lyrics": 0.7527970671653748,
    "No Focus on Melody": 0.5371868014335632,
    "No Focus on Musical Arrangements": 0.045522481203079224,
    "No Focus on Performance": 0.10220760852098465,
    "No Focus on Rhythmic Groove": 0.0525449737906456,
    "No Focus on Riffs": 0.21685035526752472,
    "No Focus on Vocal Accompaniment": 0.5113564729690552,
    "No Happy/Joyful Lyrics": 0.42373353242874146,
    "No Harmonic Sophistication": 0.2272675633430481,
    "No Horn Ensemble": 0.9541691541671753,
    "No Humorous Lyrics": 0.8926342725753784,
    "No Live Recording": 0.9808599352836609,
    "No Love/Romance Lyrics": 0.6145968437194824,
    "No Major": 0.6556862592697144,
    "No Minor": 0.8525248765945435,
    "No Odd Meter": 0.9941707849502563,
    "No Organ": 0.9196872115135193,
    "No Percussion": 0.6794686317443848,
    "No Piano": 0.8306146860122681,
    "No Reed Instrument": 0.9802137017250061,
    "No Rhodes": 0.9454939365386963,
    "No Sad Lyrics": 0.6715185642242432,
    "No Shuffle Feel": 0.9883682131767273,
    "No Social/Political Lyrics": 0.8543403148651123,
    "No String Ensemble": 0.9259646534919739,
    "No Swing Feel": 0.9885550141334534,
    "No Syncopation Low to High": 0.02950163185596466,
    "No Synth Timbre": 0.9082607626914978,
    "No Synthesizer": 0.9080782532691956,
    "No Synthetic Drums": 0.9707918167114258,
    "No Synthetic Sonority": 0.928604245185852,
    "No Tempo": 0.01096612773835659,
    "No Triple Meter": 0.9961352348327637,
    "No Vocal Accompaniment": 0.5235070586204529,
    "No Vocal Breathiness": 0.47546154260635376,
    "No Vocal Grittiness": 0.3877456486225128,
    "No Vocal Nasality": 0.4289475679397583,
    "No Vocal Register": 0.6042208075523376,
    "No Vocal Smoothness": 0.5000998377799988,
    "No Vocal Timbre Thin to Full": 0.7065626978874207
}