{
    "No Abstract Lyrics": 0.8863162994384766,
    "No Acoustic Guitar": 0.9151971936225891,
    "No Acoustic Sonority": 0.02216222696006298,
    "No Angry Lyrics": 0.9349448084831238,
    "No Audio Production": 0.002734566805884242,
    "No Aural Intensity": 0.0009140570182353258,
    "No Backbeat": 0.24316567182540894,
    "No Bass Guitar": 0.19820326566696167,
    "No Compound Meter": 0.9867045283317566,
    "No Cut Time Feel": 0.9909424781799316,
    "No Danceability": 0.07964752614498138,
    "No Drum Aggressiveness": 0.3395354151725769,
    "No Drum Set": 0.28880175948143005,
    "No Electric Guitar": 0.7509719133377075,
    "No Electric Guitar Distortion": 0.8231421709060669,
    "No Electric Sonority": 0.6282801628112793,
    "No Explicit Lyrics": 0.978256344795227,
    "No Focus on Form": 0.908690333366394,
    "No Focus on Lead Vocal": 0.7705758213996887,
    "No Focus on Lyrics": 0.8588483333587646,
    "No Focus on Melody": 0.6466546058654785,
    "No Focus on Musical Arrangements": 0.0377730131149292,
    "No Focus on Performance": 0.10351338237524033,
    "No Focus on Rhythmic Groove": 0.06768462061882019,
    "No Focus on Riffs": 0.2762434482574463,
    "No Focus on Vocal Accompaniment": 0.5804036855697632,
    "No Happy/Joyful Lyrics": 0.5912744998931885,
    "No Harmonic Sophistication": 0.09497286379337311,
    "No Horn Ensemble": 0.9375235438346863,
    "No Humorous Lyrics": 0.9343569278717041,
    "No Live Recording": 0.985598087310791,
    "No Love/Romance Lyrics": 0.7760306596755981,
    "No Major": 0.7211700677871704,
    "No Minor": 0.8843872547149658,
    "No Odd Meter": 0.9971787333488464,
    "No Organ": 0.9081481099128723,
    "No Percussion": 0.669675350189209,
    "No Piano": 0.7898650169372559,
    "No Reed Instrument": 0.9813761115074158,
    "No Rhodes": 0.9463890790939331,
    "No Sad Lyrics": 0.8151534199714661,
    "No Shuffle Feel": 0.9918310046195984,
    "No Social/Political Lyrics": 0.9215915203094482,
    "No String Ensemble": 0.8995762467384338,
    "No Swing Feel": 0.9913215041160583,
    "No Syncopation Low to High": 0.03918011114001274,
    "No Synth Timbre": 0.9084879159927368,
    "No Synthesizer": 0.9086574912071228,
    "No Synthetic Drums": 0.9706056118011475,
    "No Synthetic Sonority": 0.9279334545135498,
    "No Tempo": 0.0013294537784531713,
    "No Triple Meter": 0.997765302658081,
    "No Vocal Accompaniment": 0.5906927585601807,
    "No Vocal Breathiness": 0.5220286846160889,
    "No Vocal Grittiness": 0.42369577288627625,
    "No Vocal Nasality": 0.4583424925804138,
    "No Vocal Register": 0.6695812344551086,
    "No Vocal Smoothness": 0.5769513845443726,
    "No Vocal Timbre Thin to Full": 0.7539249658584595
}