{
    "No Abstract Lyrics": 0.846599280834198,
    "No Acoustic Guitar": 0.9266315698623657,
    "No Acoustic Sonority": 0.032551318407058716,
    "No Angry Lyrics": 0.8881146907806396,
    "No Audio Production": 0.0008099242695607245,
    "No Aural Intensity": 0.0010298809502273798,
    "No Backbeat": 0.282966673374176,
    "No Bass Guitar": 0.284873366355896,
    "No Compound Meter": 0.9893171787261963,
    "No Cut Time Feel": 0.9915602803230286,
    "No Danceability": 0.03063490241765976,
    "No Drum Aggressiveness": 0.3780326247215271,
    "No Drum Set": 0.3437795639038086,
    "No Electric Guitar": 0.7475449442863464,
    "No Electric Guitar Distortion": 0.817169189453125,
    "No Electric Sonority": 0.6373308897018433,
    "No Explicit Lyrics": 0.9717989563941956,
    "No Focus on Form": 0.8728752136230469,
    "No Focus on Lead Vocal": 0.7148392200469971,
    "No Focus on Lyrics": 0.852408230304718,
    "No Focus on Melody": 0.48729708790779114,
    "No Focus on Musical Arrangements": 0.08483672142028809,
    "No Focus on Performance": 0.02408052235841751,
    "No Focus on Rhythmic Groove": 0.014971379190683365,
    "No Focus on Riffs": 0.25984707474708557,
    "No Focus on Vocal Accompaniment": 0.45620447397232056,
    "No Happy/Joyful Lyrics": 0.4656049609184265,
    "No Harmonic Sophistication": 0.13695386052131653,
    "No Horn Ensemble": 0.9353533983230591,
    "No Humorous Lyrics": 0.9088590145111084,
    "No Live Recording": 0.9834249019622803,
    "No Love/Romance Lyrics": 0.6294864416122437,
    "No Major": 0.7242408990859985,
    "No Minor": 0.8850645422935486,
    "No Odd Meter": 0.9955713152885437,
    "No Organ": 0.9183158874511719,
    "No Percussion": 0.6861523389816284,
    "No Piano": 0.800417423248291,
    "No Reed Instrument": 0.9790534973144531,
    "No Rhodes": 0.9510416388511658,
    "No Sad Lyrics": 0.7111942768096924,
    "No Shuffle Feel": 0.9939027428627014,
    "No Social/Political Lyrics": 0.8675937652587891,
    "No String Ensemble": 0.9153066277503967,
    "No Swing Feel": 0.9932887554168701,
    "No Syncopation Low to High": 0.0335211455821991,
    "No Synth Timbre": 0.911429762840271,
    "No Synthesizer": 0.9116284847259521,
    "No Synthetic Drums": 0.9728838205337524,
    "No Synthetic Sonority": 0.9298174381256104,
    "No Tempo": 0.0011802606750279665,
    "No Triple Meter": 0.9964289665222168,
    "No Vocal Accompaniment": 0.46857815980911255,
    "No Vocal Breathiness": 0.46843212842941284,
    "No Vocal Grittiness": 0.40300264954566956,
    "No Vocal Nasality": 0.43270912766456604,
    "No Vocal Register": 0.6151314973831177,
    "No Vocal Smoothness": 0.5057035088539124,
    "No Vocal Timbre Thin to Full": 0.6816231608390808
}