{
    "No Abstract Lyrics": 0.8485593199729919,
    "No Acoustic Guitar": 0.9281324744224548,
    "No Acoustic Sonority": 0.028007090091705322,
    "No Angry Lyrics": 0.8905432224273682,
    "No Audio Production": 0.0008391611045226455,
    "No Aural Intensity": 0.0017757151508703828,
    "No Backbeat": 0.2783033847808838,
    "No Bass Guitar": 0.25369715690612793,
    "No Compound Meter": 0.9888092875480652,
    "No Cut Time Feel": 0.9913960695266724,
    "No Danceability": 0.026709213852882385,
    "No Drum Aggressiveness": 0.38443440198898315,
    "No Drum Set": 0.3513941764831543,
    "No Electric Guitar": 0.7449615001678467,
    "No Electric Guitar Distortion": 0.8164732456207275,
    "No Electric Sonority": 0.6330033540725708,
    "No Explicit Lyrics": 0.9705602526664734,
    "No Focus on Form": 0.8759819865226746,
    "No Focus on Lead Vocal": 0.7368236184120178,
    "No Focus on Lyrics": 0.8051917552947998,
    "No Focus on Melody": 0.5099344253540039,
    "No Focus on Musical Arrangements": 0.03935970366001129,
    "No Focus on Performance": 0.055094510316848755,
    "No Focus on Rhythmic Groove": 0.036796923726797104,
    "No Focus on Riffs": 0.2615508437156677,
    "No Focus on Vocal Accompaniment": 0.45517659187316895,
    "No Happy/Joyful Lyrics": 0.4628605544567108,
    "No Harmonic Sophistication": 0.11098354309797287,
    "No Horn Ensemble": 0.9358277320861816,
    "No Humorous Lyrics": 0.9125107526779175,
    "No Live Recording": 0.9842860102653503,
    "No Love/Romance Lyrics": 0.6144862174987793,
    "No Major": 0.7230383157730103,
    "No Minor": 0.8883643746376038,
    "No Odd Meter": 0.9959312677383423,
    "No Organ": 0.9139997959136963,
    "No Percussion": 0.6900088787078857,
    "No Piano": 0.7943788766860962,
    "No Reed Instrument": 0.9763880968093872,
    "No Rhodes": 0.951018214225769,
    "No Sad Lyrics": 0.7105422019958496,
    "No Shuffle Feel": 0.9935731887817383,
    "No Social/Political Lyrics": 0.8675361275672913,
    "No String Ensemble": 0.917283296585083,
    "No Swing Feel": 0.9924740195274353,
    "No Syncopation Low to High": 0.03573077917098999,
    "No Synth Timbre": 0.9120617508888245,
    "No Synthesizer": 0.9117649793624878,
    "No Synthetic Drums": 0.971240222454071,
    "No Synthetic Sonority": 0.929324746131897,
    "No Tempo": 0.001108977128751576,
    "No Triple Meter": 0.9971830248832703,
    "No Vocal Accompaniment": 0.46695414185523987,
    "No Vocal Breathiness": 0.4742547273635864,
    "No Vocal Grittiness": 0.4015793204307556,
    "No Vocal Nasality": 0.42508628964424133,
    "No Vocal Register": 0.61287522315979,
    "No Vocal Smoothness": 0.5268278121948242,
    "No Vocal Timbre Thin to Full": 0.7024375796318054
}