{
    "No Abstract Lyrics": 0.8519625067710876,
    "No Acoustic Guitar": 0.9379532933235168,
    "No Acoustic Sonority": 0.021718338131904602,
    "No Angry Lyrics": 0.8901534080505371,
    "No Audio Production": 0.006185635458678007,
    "No Aural Intensity": 0.002785750199109316,
    "No Backbeat": 0.287576287984848,
    "No Bass Guitar": 0.2771013379096985,
    "No Compound Meter": 0.988253116607666,
    "No Cut Time Feel": 0.9914500713348389,
    "No Danceability": 0.02954978123307228,
    "No Drum Aggressiveness": 0.38768070936203003,
    "No Drum Set": 0.33690518140792847,
    "No Electric Guitar": 0.7854064106941223,
    "No Electric Guitar Distortion": 0.8313629627227783,
    "No Electric Sonority": 0.6836353540420532,
    "No Explicit Lyrics": 0.9712246656417847,
    "No Focus on Form": 0.8892664909362793,
    "No Focus on Lead Vocal": 0.7426377534866333,
    "No Focus on Lyrics": 0.8269343376159668,
    "No Focus on Melody": 0.5813389420509338,
    "No Focus on Musical Arrangements": 0.05742432922124863,
    "No Focus on Performance": 0.10209940373897552,
    "No Focus on Rhythmic Groove": 0.04033844172954559,
    "No Focus on Riffs": 0.2774362564086914,
    "No Focus on Vocal Accompaniment": 0.5222773551940918,
    "No Happy/Joyful Lyrics": 0.4645966589450836,
    "No Harmonic Sophistication": 0.2173328399658203,
    "No Horn Ensemble": 0.9490400552749634,
    "No Humorous Lyrics": 0.9100322127342224,
    "No Live Recording": 0.985460102558136,
    "No Love/Romance Lyrics": 0.6441929936408997,
    "No Major": 0.7206740379333496,
    "No Minor": 0.8856892585754395,
    "No Odd Meter": 0.9967393279075623,
    "No Organ": 0.911924421787262,
    "No Percussion": 0.7150501012802124,
    "No Piano": 0.8132739067077637,
    "No Reed Instrument": 0.9823294281959534,
    "No Rhodes": 0.9515798091888428,
    "No Sad Lyrics": 0.7073330879211426,
    "No Shuffle Feel": 0.9937703609466553,
    "No Social/Political Lyrics": 0.8613397479057312,
    "No String Ensemble": 0.9267876744270325,
    "No Swing Feel": 0.9936071634292603,
    "No Syncopation Low to High": 0.033231548964977264,
    "No Synth Timbre": 0.9206885099411011,
    "No Synthesizer": 0.9202324748039246,
    "No Synthetic Drums": 0.9756497144699097,
    "No Synthetic Sonority": 0.9400385618209839,
    "No Tempo": 0.0025042849592864513,
    "No Triple Meter": 0.9971445798873901,
    "No Vocal Accompaniment": 0.5260171890258789,
    "No Vocal Breathiness": 0.4881683588027954,
    "No Vocal Grittiness": 0.42771437764167786,
    "No Vocal Nasality": 0.44927340745925903,
    "No Vocal Register": 0.6337749361991882,
    "No Vocal Smoothness": 0.5256986618041992,
    "No Vocal Timbre Thin to Full": 0.7062880396842957
}