{
    "Abstract Lyrics": 0.002914857119321823,
    "Acoustic Guitar": 0.03939179331064224,
    "Acoustic Sonority": 0.5344761610031128,
    "Angry Lyrics": 0.005169513635337353,
    "Audio Production": 0.041155677288770676,
    "Aural Intensity": 0.1632739156484604,
    "Backbeat": 0.0094253895804286,
    "Bass Guitar": 0.0026179319247603416,
    "Compound Meter": 0.47161298990249634,
    "Cut Time Feel": 0.31176334619522095,
    "Danceability": 0.3246046304702759,
    "Drum Aggressiveness": 0.009327190928161144,
    "Drum Set": 0.005086441524326801,
    "Electric Guitar": 0.1617863029241562,
    "Electric Guitar Distortion": 0.04568791761994362,
    "Electric Sonority": 0.2612716555595398,
    "Explicit Lyrics": 0.028434723615646362,
    "Focus on Form": 0.039327263832092285,
    "Focus on Lead Vocal": 0.9677866101264954,
    "Focus on Lyrics": 0.21658629179000854,
    "Focus on Melody": 0.21820561587810516,
    "Focus on Musical Arrangements": 0.11392214894294739,
    "Focus on Performance": 0.2532276511192322,
    "Focus on Rhythmic Groove": 0.4037879705429077,
    "Focus on Riffs": 0.08484421670436859,
    "Focus on Vocal Accompaniment": 0.2543957233428955,
    "Happy/Joyful Lyrics": 0.062425073236227036,
    "Harmonic Sophistication": 0.0023823443334549665,
    "Horn Ensemble": 0.02228003367781639,
    "Humorous Lyrics": 0.1567513346672058,
    "Live Recording": 0.04820264130830765,
    "Love/Romance Lyrics": 0.24591676890850067,
    "Major": 0.7338353395462036,
    "Minor": 0.13160452246665955,
    "Odd Meter": 0.0013429130194708705,
    "Organ": 0.003943790215998888,
    "Percussion": 0.03434684872627258,
    "Piano": 0.4032958447933197,
    "Reed Instrument": 0.09779814630746841,
    "Rhodes": 0.001588331302627921,
    "Sad Lyrics": 0.038697585463523865,
    "Shuffle Feel": 0.23642078042030334,
    "Social/Political Lyrics": 0.020102757960557938,
    "String Ensemble": 0.1995350420475006,
    "Swing Feel": 0.3682123124599457,
    "Syncopation Low to High": 0.006909995339810848,
    "Synth Timbre": 0.05046597123146057,
    "Synthesizer": 0.04329179227352142,
    "Synthetic Drums": 0.060079820454120636,
    "Synthetic Sonority": 0.37709447741508484,
    "Tempo": 0.5837961435317993,
    "Triple Meter": 0.1498734951019287,
    "Vocal Accompaniment": 0.11942364275455475,
    "Vocal Breathiness": 0.010336117818951607,
    "Vocal Grittiness": 0.053982846438884735,
    "Vocal Nasality": 0.005148678086698055,
    "Vocal Register": 0.14591984450817108,
    "Vocal Smoothness": 0.03075220435857773,
    "Vocal Timbre Thin to Full": 0.03702716529369354
}