{
    "Abstract Lyrics": 0.007927941158413887,
    "Acoustic Guitar": 0.04103710129857063,
    "Acoustic Sonority": 0.5814083814620972,
    "Angry Lyrics": 0.013337085023522377,
    "Audio Production": 0.04446865990757942,
    "Aural Intensity": 0.1711634248495102,
    "Backbeat": 0.027044406160712242,
    "Bass Guitar": 0.033777013421058655,
    "Compound Meter": 0.40587300062179565,
    "Cut Time Feel": 0.2854214310646057,
    "Danceability": 0.3299926519393921,
    "Drum Aggressiveness": 0.011867115274071693,
    "Drum Set": 0.012211971916258335,
    "Electric Guitar": 0.07660956680774689,
    "Electric Guitar Distortion": 0.032998159527778625,
    "Electric Sonority": 0.35380011796951294,
    "Explicit Lyrics": 0.04816393554210663,
    "Focus on Form": 0.06997012346982956,
    "Focus on Lead Vocal": 0.973118007183075,
    "Focus on Lyrics": 0.2422909438610077,
    "Focus on Melody": 0.23437339067459106,
    "Focus on Musical Arrangements": 0.12613272666931152,
    "Focus on Performance": 0.2395572066307068,
    "Focus on Rhythmic Groove": 0.4602133631706238,
    "Focus on Riffs": 0.09877628087997437,
    "Focus on Vocal Accompaniment": 0.29448622465133667,
    "Happy/Joyful Lyrics": 0.08167105168104172,
    "Harmonic Sophistication": 0.0033460964914411306,
    "Horn Ensemble": 0.11216521263122559,
    "Humorous Lyrics": 0.1881331354379654,
    "Live Recording": 0.08590870350599289,
    "Love/Romance Lyrics": 0.2869054973125458,
    "Major": 0.7429132461547852,
    "Minor": 0.25068676471710205,
    "Odd Meter": 0.006200634874403477,
    "Organ": 0.08037140965461731,
    "Percussion": 0.058264464139938354,
    "Piano": 0.13567838072776794,
    "Reed Instrument": 0.05477648973464966,
    "Rhodes": 0.0014639792498201132,
    "Sad Lyrics": 0.04380523040890694,
    "Shuffle Feel": 0.10762295126914978,
    "Social/Political Lyrics": 0.02022431418299675,
    "String Ensemble": 0.02738156169652939,
    "Swing Feel": 0.2960652709007263,
    "Syncopation Low to High": 0.0403614342212677,
    "Synth Timbre": 0.10296789556741714,
    "Synthesizer": 0.08948181569576263,
    "Synthetic Drums": 0.10838957875967026,
    "Synthetic Sonority": 0.39488691091537476,
    "Tempo": 0.3416614532470703,
    "Triple Meter": 0.1176883652806282,
    "Vocal Accompaniment": 0.12978604435920715,
    "Vocal Breathiness": 0.01851239986717701,
    "Vocal Grittiness": 0.0486002080142498,
    "Vocal Nasality": 0.005400467664003372,
    "Vocal Register": 0.18252471089363098,
    "Vocal Smoothness": 0.02618967741727829,
    "Vocal Timbre Thin to Full": 0.029987597838044167
}