{
    "Abstract Lyrics": 0.005650036036968231,
    "Acoustic Guitar": 0.06807989627122879,
    "Acoustic Sonority": 0.5688667893409729,
    "Angry Lyrics": 0.017635729163885117,
    "Audio Production": 0.03114321641623974,
    "Aural Intensity": 0.16923463344573975,
    "Backbeat": 0.007573109585791826,
    "Bass Guitar": 0.01403568685054779,
    "Compound Meter": 0.4712560772895813,
    "Cut Time Feel": 0.3364451229572296,
    "Danceability": 0.3046261668205261,
    "Drum Aggressiveness": 0.017221717163920403,
    "Drum Set": 0.0033631701953709126,
    "Electric Guitar": 0.08639372885227203,
    "Electric Guitar Distortion": 0.0904947817325592,
    "Electric Sonority": 0.3084444999694824,
    "Explicit Lyrics": 0.07182818651199341,
    "Focus on Form": 0.024308886379003525,
    "Focus on Lead Vocal": 0.9614499807357788,
    "Focus on Lyrics": 0.22573086619377136,
    "Focus on Melody": 0.23157817125320435,
    "Focus on Musical Arrangements": 0.1103312075138092,
    "Focus on Performance": 0.17107988893985748,
    "Focus on Rhythmic Groove": 0.4162178933620453,
    "Focus on Riffs": 0.08861974626779556,
    "Focus on Vocal Accompaniment": 0.2298649251461029,
    "Happy/Joyful Lyrics": 0.06220549717545509,
    "Harmonic Sophistication": 0.0011058258824050426,
    "Horn Ensemble": 0.04110847786068916,
    "Humorous Lyrics": 0.05113803595304489,
    "Live Recording": 0.04179723560810089,
    "Love/Romance Lyrics": 0.26150983572006226,
    "Major": 0.7401823401451111,
    "Minor": 0.09779106080532074,
    "Odd Meter": 0.0035337095614522696,
    "Organ": 0.11527680605649948,
    "Percussion": 0.08809524029493332,
    "Piano": 0.01583341509103775,
    "Reed Instrument": 0.055222876369953156,
    "Rhodes": 0.00075489905430004,
    "Sad Lyrics": 0.0557599775493145,
    "Shuffle Feel": 0.24123024940490723,
    "Social/Political Lyrics": 0.023568708449602127,
    "String Ensemble": 0.0074250721372663975,
    "Swing Feel": 0.3622896671295166,
    "Syncopation Low to High": 0.018941357731819153,
    "Synth Timbre": 0.05409068986773491,
    "Synthesizer": 0.0496688038110733,
    "Synthetic Drums": 0.0864890068769455,
    "Synthetic Sonority": 0.3664584159851074,
    "Tempo": 0.6216495037078857,
    "Triple Meter": 0.17398588359355927,
    "Vocal Accompaniment": 0.072090744972229,
    "Vocal Breathiness": 0.006412962917238474,
    "Vocal Grittiness": 0.04272202029824257,
    "Vocal Nasality": 0.009928522631525993,
    "Vocal Register": 0.09754189103841782,
    "Vocal Smoothness": 0.029287196695804596,
    "Vocal Timbre Thin to Full": 0.02851523831486702
}