{
    "Abstract Lyrics": 0.005226342007517815,
    "Acoustic Guitar": 0.09063614904880524,
    "Acoustic Sonority": 0.5405028462409973,
    "Angry Lyrics": 0.011799405328929424,
    "Audio Production": 0.025524388998746872,
    "Aural Intensity": 0.09421373158693314,
    "Backbeat": 0.007883449085056782,
    "Bass Guitar": 0.0019568447023630142,
    "Compound Meter": 0.5438728332519531,
    "Cut Time Feel": 0.32444119453430176,
    "Danceability": 0.29145973920822144,
    "Drum Aggressiveness": 0.016534116119146347,
    "Drum Set": 0.015150247141718864,
    "Electric Guitar": 0.07974031567573547,
    "Electric Guitar Distortion": 0.03110528364777565,
    "Electric Sonority": 0.28633689880371094,
    "Explicit Lyrics": 0.042934220284223557,
    "Focus on Form": 0.03573131188750267,
    "Focus on Lead Vocal": 0.9679063558578491,
    "Focus on Lyrics": 0.21861258149147034,
    "Focus on Melody": 0.20658937096595764,
    "Focus on Musical Arrangements": 0.1334841400384903,
    "Focus on Performance": 0.20572009682655334,
    "Focus on Rhythmic Groove": 0.4115604758262634,
    "Focus on Riffs": 0.09897442162036896,
    "Focus on Vocal Accompaniment": 0.2969149053096771,
    "Happy/Joyful Lyrics": 0.062064848840236664,
    "Harmonic Sophistication": 0.0012346847215667367,
    "Horn Ensemble": 0.06343374401330948,
    "Humorous Lyrics": 0.0953783318400383,
    "Live Recording": 0.05786507576704025,
    "Love/Romance Lyrics": 0.24284324049949646,
    "Major": 0.7449840307235718,
    "Minor": 0.1143755167722702,
    "Odd Meter": 0.001561503391712904,
    "Organ": 0.0035800738260149956,
    "Percussion": 0.010496025905013084,
    "Piano": 0.13191457092761993,
    "Reed Instrument": 0.051134660840034485,
    "Rhodes": 0.12523332238197327,
    "Sad Lyrics": 0.041853804141283035,
    "Shuffle Feel": 0.18271251022815704,
    "Social/Political Lyrics": 0.016945883631706238,
    "String Ensemble": 0.07858981192111969,
    "Swing Feel": 0.4312434792518616,
    "Syncopation Low to High": 0.014250637963414192,
    "Synth Timbre": 0.058550260961055756,
    "Synthesizer": 0.0659189373254776,
    "Synthetic Drums": 0.10786609351634979,
    "Synthetic Sonority": 0.37165576219558716,
    "Tempo": 0.6919382810592651,
    "Triple Meter": 0.1723203808069229,
    "Vocal Accompaniment": 0.11178506910800934,
    "Vocal Breathiness": 0.04330703988671303,
    "Vocal Grittiness": 0.05446704849600792,
    "Vocal Nasality": 0.0031416909769177437,
    "Vocal Register": 0.17001639306545258,
    "Vocal Smoothness": 0.06965040415525436,
    "Vocal Timbre Thin to Full": 0.031951673328876495
}