{
    "Abstract Lyrics": 0.006587334908545017,
    "Acoustic Guitar": 0.03896516188979149,
    "Acoustic Sonority": 0.5815478563308716,
    "Angry Lyrics": 0.012414174154400826,
    "Audio Production": 0.0502345971763134,
    "Aural Intensity": 0.19463565945625305,
    "Backbeat": 0.014944585971534252,
    "Bass Guitar": 0.01317735854536295,
    "Compound Meter": 0.4016451835632324,
    "Cut Time Feel": 0.3027036786079407,
    "Danceability": 0.3358488976955414,
    "Drum Aggressiveness": 0.010389762930572033,
    "Drum Set": 0.005360719747841358,
    "Electric Guitar": 0.08123689889907837,
    "Electric Guitar Distortion": 0.0326901376247406,
    "Electric Sonority": 0.35207074880599976,
    "Explicit Lyrics": 0.04808839038014412,
    "Focus on Form": 0.030659770593047142,
    "Focus on Lead Vocal": 0.9734967947006226,
    "Focus on Lyrics": 0.2428731620311737,
    "Focus on Melody": 0.24311833083629608,
    "Focus on Musical Arrangements": 0.14370158314704895,
    "Focus on Performance": 0.26296859979629517,
    "Focus on Rhythmic Groove": 0.4646779000759125,
    "Focus on Riffs": 0.10488776862621307,
    "Focus on Vocal Accompaniment": 0.2925228774547577,
    "Happy/Joyful Lyrics": 0.08173944056034088,
    "Harmonic Sophistication": 0.0013764225877821445,
    "Horn Ensemble": 0.07990824431180954,
    "Humorous Lyrics": 0.19364753365516663,
    "Live Recording": 0.09091322124004364,
    "Love/Romance Lyrics": 0.2941330075263977,
    "Major": 0.7446330189704895,
    "Minor": 0.2422892153263092,
    "Odd Meter": 0.005019051488488913,
    "Organ": 0.0922350287437439,
    "Percussion": 0.04910418018698692,
    "Piano": 0.1557786762714386,
    "Reed Instrument": 0.015859555453062057,
    "Rhodes": 0.0033857424277812243,
    "Sad Lyrics": 0.05055621638894081,
    "Shuffle Feel": 0.10222232341766357,
    "Social/Political Lyrics": 0.020616624504327774,
    "String Ensemble": 0.017373323440551758,
    "Swing Feel": 0.3109833002090454,
    "Syncopation Low to High": 0.05931194871664047,
    "Synth Timbre": 0.10753106325864792,
    "Synthesizer": 0.08660195767879486,
    "Synthetic Drums": 0.10727351903915405,
    "Synthetic Sonority": 0.382306843996048,
    "Tempo": 0.34071144461631775,
    "Triple Meter": 0.12414641678333282,
    "Vocal Accompaniment": 0.1280011236667633,
    "Vocal Breathiness": 0.023606324568390846,
    "Vocal Grittiness": 0.03744794428348541,
    "Vocal Nasality": 0.005424791015684605,
    "Vocal Register": 0.15895631909370422,
    "Vocal Smoothness": 0.025050293654203415,
    "Vocal Timbre Thin to Full": 0.029772793874144554
}