{
    "Abstract Lyrics": 0.003575908951461315,
    "Acoustic Guitar": 0.08844944834709167,
    "Acoustic Sonority": 0.5140597224235535,
    "Angry Lyrics": 0.008259020745754242,
    "Audio Production": 0.024841532111167908,
    "Aural Intensity": 0.18644817173480988,
    "Backbeat": 0.008404015563428402,
    "Bass Guitar": 0.002345414599403739,
    "Compound Meter": 0.5308146476745605,
    "Cut Time Feel": 0.31786155700683594,
    "Danceability": 0.2988108992576599,
    "Drum Aggressiveness": 0.019654788076877594,
    "Drum Set": 0.006215379573404789,
    "Electric Guitar": 0.07232014834880829,
    "Electric Guitar Distortion": 0.03220926225185394,
    "Electric Sonority": 0.2633170485496521,
    "Explicit Lyrics": 0.034208886325359344,
    "Focus on Form": 0.020989147946238518,
    "Focus on Lead Vocal": 0.9676377177238464,
    "Focus on Lyrics": 0.2126530110836029,
    "Focus on Melody": 0.21282808482646942,
    "Focus on Musical Arrangements": 0.12074488401412964,
    "Focus on Performance": 0.1990123689174652,
    "Focus on Rhythmic Groove": 0.40669143199920654,
    "Focus on Riffs": 0.1147451400756836,
    "Focus on Vocal Accompaniment": 0.3036019206047058,
    "Happy/Joyful Lyrics": 0.060808248817920685,
    "Harmonic Sophistication": 0.000733729568310082,
    "Horn Ensemble": 0.07017157226800919,
    "Humorous Lyrics": 0.0974753126502037,
    "Live Recording": 0.05255121737718582,
    "Love/Romance Lyrics": 0.2399560809135437,
    "Major": 0.7413111329078674,
    "Minor": 0.144339919090271,
    "Odd Meter": 0.0009688670397736132,
    "Organ": 0.013562812469899654,
    "Percussion": 0.018442971631884575,
    "Piano": 0.34397757053375244,
    "Reed Instrument": 0.05838052183389664,
    "Rhodes": 0.0016578191425651312,
    "Sad Lyrics": 0.03916743025183678,
    "Shuffle Feel": 0.21701540052890778,
    "Social/Political Lyrics": 0.016941221430897713,
    "String Ensemble": 0.11720779538154602,
    "Swing Feel": 0.4185989499092102,
    "Syncopation Low to High": 0.01440509408712387,
    "Synth Timbre": 0.0658726841211319,
    "Synthesizer": 0.05739758536219597,
    "Synthetic Drums": 0.07444626092910767,
    "Synthetic Sonority": 0.3510899841785431,
    "Tempo": 0.6951007843017578,
    "Triple Meter": 0.2049606889486313,
    "Vocal Accompaniment": 0.13526780903339386,
    "Vocal Breathiness": 0.011940648779273033,
    "Vocal Grittiness": 0.07546824216842651,
    "Vocal Nasality": 0.003191055031493306,
    "Vocal Register": 0.20964117348194122,
    "Vocal Smoothness": 0.046873271465301514,
    "Vocal Timbre Thin to Full": 0.036512017250061035
}