{
    "Abstract Lyrics": 0.006500253453850746,
    "Acoustic Guitar": 0.021340925246477127,
    "Acoustic Sonority": 0.5241311192512512,
    "Angry Lyrics": 0.008223814889788628,
    "Audio Production": 0.027833882719278336,
    "Aural Intensity": 0.137265145778656,
    "Backbeat": 0.007806294597685337,
    "Bass Guitar": 0.027170812711119652,
    "Compound Meter": 0.4753047227859497,
    "Cut Time Feel": 0.2830437123775482,
    "Danceability": 0.30023646354675293,
    "Drum Aggressiveness": 0.018972055986523628,
    "Drum Set": 0.002321189036592841,
    "Electric Guitar": 0.05122832953929901,
    "Electric Guitar Distortion": 0.07434454560279846,
    "Electric Sonority": 0.2917201519012451,
    "Explicit Lyrics": 0.030246775597333908,
    "Focus on Form": 0.015593282878398895,
    "Focus on Lead Vocal": 0.9704258441925049,
    "Focus on Lyrics": 0.2074504792690277,
    "Focus on Melody": 0.2166556566953659,
    "Focus on Musical Arrangements": 0.1426137089729309,
    "Focus on Performance": 0.22352305054664612,
    "Focus on Rhythmic Groove": 0.3913332223892212,
    "Focus on Riffs": 0.07389616966247559,
    "Focus on Vocal Accompaniment": 0.26604941487312317,
    "Happy/Joyful Lyrics": 0.053814347833395004,
    "Harmonic Sophistication": 0.004531675949692726,
    "Horn Ensemble": 0.027008719742298126,
    "Humorous Lyrics": 0.13364991545677185,
    "Live Recording": 0.03728216513991356,
    "Love/Romance Lyrics": 0.24918007850646973,
    "Major": 0.7391180396080017,
    "Minor": 0.12338937073945999,
    "Odd Meter": 0.0008751322748139501,
    "Organ": 0.029933346435427666,
    "Percussion": 0.017410309985280037,
    "Piano": 0.0076956129632890224,
    "Reed Instrument": 0.03311730921268463,
    "Rhodes": 0.0006517278379760683,
    "Sad Lyrics": 0.041049305349588394,
    "Shuffle Feel": 0.28614819049835205,
    "Social/Political Lyrics": 0.018180081620812416,
    "String Ensemble": 0.01282886415719986,
    "Swing Feel": 0.3328719735145569,
    "Syncopation Low to High": 0.015965349972248077,
    "Synth Timbre": 0.02994154393672943,
    "Synthesizer": 0.04626955837011337,
    "Synthetic Drums": 0.049990251660346985,
    "Synthetic Sonority": 0.35910576581954956,
    "Tempo": 0.6351937055587769,
    "Triple Meter": 0.11160213500261307,
    "Vocal Accompaniment": 0.10587986558675766,
    "Vocal Breathiness": 0.011220898479223251,
    "Vocal Grittiness": 0.0336233451962471,
    "Vocal Nasality": 0.003961129114031792,
    "Vocal Register": 0.15458668768405914,
    "Vocal Smoothness": 0.04437744617462158,
    "Vocal Timbre Thin to Full": 0.024510053917765617
}