{
    "Abstract Lyrics": 0.0030846698209643364,
    "Acoustic Guitar": 0.28490689396858215,
    "Acoustic Sonority": 0.501285970211029,
    "Angry Lyrics": 0.010340041480958462,
    "Audio Production": 0.019152887165546417,
    "Aural Intensity": 0.16109827160835266,
    "Backbeat": 0.00735870935022831,
    "Bass Guitar": 0.004511661361902952,
    "Compound Meter": 0.5739782452583313,
    "Cut Time Feel": 0.3295883536338806,
    "Danceability": 0.30998289585113525,
    "Drum Aggressiveness": 0.012086363509297371,
    "Drum Set": 0.013804745860397816,
    "Electric Guitar": 0.10548359155654907,
    "Electric Guitar Distortion": 0.021818622946739197,
    "Electric Sonority": 0.3156740069389343,
    "Explicit Lyrics": 0.03613518923521042,
    "Focus on Form": 0.027607839554548264,
    "Focus on Lead Vocal": 0.9636787176132202,
    "Focus on Lyrics": 0.2116890251636505,
    "Focus on Melody": 0.22903040051460266,
    "Focus on Musical Arrangements": 0.10911518335342407,
    "Focus on Performance": 0.1746247112751007,
    "Focus on Rhythmic Groove": 0.4002336263656616,
    "Focus on Riffs": 0.12064580619335175,
    "Focus on Vocal Accompaniment": 0.2408902943134308,
    "Happy/Joyful Lyrics": 0.056647054851055145,
    "Harmonic Sophistication": 0.0056876554153859615,
    "Horn Ensemble": 0.04442159831523895,
    "Humorous Lyrics": 0.09022703766822815,
    "Live Recording": 0.06122446432709694,
    "Love/Romance Lyrics": 0.24422818422317505,
    "Major": 0.7467225790023804,
    "Minor": 0.18760815262794495,
    "Odd Meter": 0.002696397714316845,
    "Organ": 0.05508953332901001,
    "Percussion": 0.002140695694833994,
    "Piano": 0.4032289385795593,
    "Reed Instrument": 0.0975794717669487,
    "Rhodes": 0.0044365497305989265,
    "Sad Lyrics": 0.036355338990688324,
    "Shuffle Feel": 0.30980485677719116,
    "Social/Political Lyrics": 0.018398335203528404,
    "String Ensemble": 0.019286848604679108,
    "Swing Feel": 0.36381402611732483,
    "Syncopation Low to High": 0.016116086393594742,
    "Synth Timbre": 0.04748735576868057,
    "Synthesizer": 0.043775372207164764,
    "Synthetic Drums": 0.06498849391937256,
    "Synthetic Sonority": 0.3403393626213074,
    "Tempo": 0.6775373220443726,
    "Triple Meter": 0.2834644317626953,
    "Vocal Accompaniment": 0.11977621912956238,
    "Vocal Breathiness": 0.01313307136297226,
    "Vocal Grittiness": 0.027560509741306305,
    "Vocal Nasality": 0.003185840556398034,
    "Vocal Register": 0.13031944632530212,
    "Vocal Smoothness": 0.031153274700045586,
    "Vocal Timbre Thin to Full": 0.04203970730304718
}