{
    "Abstract Lyrics": 0.007837580516934395,
    "Acoustic Guitar": 0.08481086045503616,
    "Acoustic Sonority": 0.5586888194084167,
    "Angry Lyrics": 0.02037522941827774,
    "Audio Production": 0.027558226138353348,
    "Aural Intensity": 0.1374877393245697,
    "Backbeat": 0.008543509989976883,
    "Bass Guitar": 0.012460574507713318,
    "Compound Meter": 0.46154823899269104,
    "Cut Time Feel": 0.3477940559387207,
    "Danceability": 0.30355513095855713,
    "Drum Aggressiveness": 0.018806511536240578,
    "Drum Set": 0.003694443963468075,
    "Electric Guitar": 0.09112996608018875,
    "Electric Guitar Distortion": 0.08921587467193604,
    "Electric Sonority": 0.31342488527297974,
    "Explicit Lyrics": 0.07608386874198914,
    "Focus on Form": 0.022236403077840805,
    "Focus on Lead Vocal": 0.9610235691070557,
    "Focus on Lyrics": 0.22785824537277222,
    "Focus on Melody": 0.23440635204315186,
    "Focus on Musical Arrangements": 0.11865513026714325,
    "Focus on Performance": 0.18123957514762878,
    "Focus on Rhythmic Groove": 0.4069659113883972,
    "Focus on Riffs": 0.08653412759304047,
    "Focus on Vocal Accompaniment": 0.23188021779060364,
    "Happy/Joyful Lyrics": 0.06280063092708588,
    "Harmonic Sophistication": 0.0010341671295464039,
    "Horn Ensemble": 0.05005130544304848,
    "Humorous Lyrics": 0.048059649765491486,
    "Live Recording": 0.04254307597875595,
    "Love/Romance Lyrics": 0.2638489007949829,
    "Major": 0.7366629838943481,
    "Minor": 0.10243584215641022,
    "Odd Meter": 0.004202619194984436,
    "Organ": 0.09162753075361252,
    "Percussion": 0.08703704178333282,
    "Piano": 0.0181451216340065,
    "Reed Instrument": 0.045516908168792725,
    "Rhodes": 0.0008422522223554552,
    "Sad Lyrics": 0.061036184430122375,
    "Shuffle Feel": 0.2502838671207428,
    "Social/Political Lyrics": 0.01574128307402134,
    "String Ensemble": 0.00899414625018835,
    "Swing Feel": 0.35990655422210693,
    "Syncopation Low to High": 0.01986740529537201,
    "Synth Timbre": 0.05418586730957031,
    "Synthesizer": 0.048460107296705246,
    "Synthetic Drums": 0.08317278325557709,
    "Synthetic Sonority": 0.36485937237739563,
    "Tempo": 0.6344718337059021,
    "Triple Meter": 0.18382537364959717,
    "Vocal Accompaniment": 0.07244706898927689,
    "Vocal Breathiness": 0.006071591749787331,
    "Vocal Grittiness": 0.04902021214365959,
    "Vocal Nasality": 0.009321879595518112,
    "Vocal Register": 0.09357433021068573,
    "Vocal Smoothness": 0.02941437065601349,
    "Vocal Timbre Thin to Full": 0.027843568474054337
}