{
    "Abstract Lyrics": 0.007635142188519239,
    "Acoustic Guitar": 0.04688958823680878,
    "Acoustic Sonority": 0.5733013153076172,
    "Angry Lyrics": 0.013243141584098339,
    "Audio Production": 0.05432470887899399,
    "Aural Intensity": 0.16245728731155396,
    "Backbeat": 0.0135719059035182,
    "Bass Guitar": 0.02904214709997177,
    "Compound Meter": 0.3954166769981384,
    "Cut Time Feel": 0.2761543393135071,
    "Danceability": 0.3368847966194153,
    "Drum Aggressiveness": 0.011223038658499718,
    "Drum Set": 0.006547180004417896,
    "Electric Guitar": 0.08305086195468903,
    "Electric Guitar Distortion": 0.03343471139669418,
    "Electric Sonority": 0.3581746220588684,
    "Explicit Lyrics": 0.05289611220359802,
    "Focus on Form": 0.03435857966542244,
    "Focus on Lead Vocal": 0.9731826782226562,
    "Focus on Lyrics": 0.24024653434753418,
    "Focus on Melody": 0.2394612431526184,
    "Focus on Musical Arrangements": 0.13880285620689392,
    "Focus on Performance": 0.2450176477432251,
    "Focus on Rhythmic Groove": 0.4576570391654968,
    "Focus on Riffs": 0.09976273775100708,
    "Focus on Vocal Accompaniment": 0.2909213602542877,
    "Happy/Joyful Lyrics": 0.08368612825870514,
    "Harmonic Sophistication": 0.002077587181702256,
    "Horn Ensemble": 0.08507844805717468,
    "Humorous Lyrics": 0.1955556422472,
    "Live Recording": 0.08712510764598846,
    "Love/Romance Lyrics": 0.2849218249320984,
    "Major": 0.745055079460144,
    "Minor": 0.2338409572839737,
    "Odd Meter": 0.005055259447544813,
    "Organ": 0.09326738864183426,
    "Percussion": 0.0529172345995903,
    "Piano": 0.1328834593296051,
    "Reed Instrument": 0.07189108431339264,
    "Rhodes": 0.0017904173582792282,
    "Sad Lyrics": 0.047863442450761795,
    "Shuffle Feel": 0.10976625233888626,
    "Social/Political Lyrics": 0.020022708922624588,
    "String Ensemble": 0.012415384873747826,
    "Swing Feel": 0.31866684556007385,
    "Syncopation Low to High": 0.051381975412368774,
    "Synth Timbre": 0.10444473475217819,
    "Synthesizer": 0.08770687878131866,
    "Synthetic Drums": 0.1155761182308197,
    "Synthetic Sonority": 0.38733071088790894,
    "Tempo": 0.3262593746185303,
    "Triple Meter": 0.12130896747112274,
    "Vocal Accompaniment": 0.1228567436337471,
    "Vocal Breathiness": 0.02223357744514942,
    "Vocal Grittiness": 0.04335707426071167,
    "Vocal Nasality": 0.005369700491428375,
    "Vocal Register": 0.16500701010227203,
    "Vocal Smoothness": 0.02506018429994583,
    "Vocal Timbre Thin to Full": 0.028842682018876076
}