{
    "Abstract Lyrics": 0.0041275364346802235,
    "Acoustic Guitar": 0.26907795667648315,
    "Acoustic Sonority": 0.49871212244033813,
    "Angry Lyrics": 0.008373714052140713,
    "Audio Production": 0.02470855973660946,
    "Aural Intensity": 0.1408894807100296,
    "Backbeat": 0.007961038500070572,
    "Bass Guitar": 0.004516078624874353,
    "Compound Meter": 0.5552291870117188,
    "Cut Time Feel": 0.33239755034446716,
    "Danceability": 0.3266466557979584,
    "Drum Aggressiveness": 0.00752005772665143,
    "Drum Set": 0.00573272630572319,
    "Electric Guitar": 0.07360633462667465,
    "Electric Guitar Distortion": 0.01775183156132698,
    "Electric Sonority": 0.29007044434547424,
    "Explicit Lyrics": 0.051854442805051804,
    "Focus on Form": 0.02727455645799637,
    "Focus on Lead Vocal": 0.9637960195541382,
    "Focus on Lyrics": 0.2137233316898346,
    "Focus on Melody": 0.215918630361557,
    "Focus on Musical Arrangements": 0.09564923495054245,
    "Focus on Performance": 0.186220183968544,
    "Focus on Rhythmic Groove": 0.38739585876464844,
    "Focus on Riffs": 0.09993569552898407,
    "Focus on Vocal Accompaniment": 0.2572532892227173,
    "Happy/Joyful Lyrics": 0.05126267671585083,
    "Harmonic Sophistication": 0.0054602837190032005,
    "Horn Ensemble": 0.05667506903409958,
    "Humorous Lyrics": 0.07586769759654999,
    "Live Recording": 0.04122572019696236,
    "Love/Romance Lyrics": 0.2550947666168213,
    "Major": 0.742967963218689,
    "Minor": 0.11934337019920349,
    "Odd Meter": 0.004534604959189892,
    "Organ": 0.024804644286632538,
    "Percussion": 0.0033192001283168793,
    "Piano": 0.1923046112060547,
    "Reed Instrument": 0.2711545526981354,
    "Rhodes": 0.0019469058606773615,
    "Sad Lyrics": 0.04434897005558014,
    "Shuffle Feel": 0.28828996419906616,
    "Social/Political Lyrics": 0.01679619401693344,
    "String Ensemble": 0.010448165237903595,
    "Swing Feel": 0.3396695852279663,
    "Syncopation Low to High": 0.025182349607348442,
    "Synth Timbre": 0.03905206546187401,
    "Synthesizer": 0.04831446334719658,
    "Synthetic Drums": 0.05602898448705673,
    "Synthetic Sonority": 0.34169983863830566,
    "Tempo": 0.6835793256759644,
    "Triple Meter": 0.2503156065940857,
    "Vocal Accompaniment": 0.11899717152118683,
    "Vocal Breathiness": 0.009471817873418331,
    "Vocal Grittiness": 0.025629762560129166,
    "Vocal Nasality": 0.002882590750232339,
    "Vocal Register": 0.12991291284561157,
    "Vocal Smoothness": 0.021392112597823143,
    "Vocal Timbre Thin to Full": 0.04614392668008804
}