{
    "Abstract Lyrics": 0.004311774857342243,
    "Acoustic Guitar": 0.40608492493629456,
    "Acoustic Sonority": 0.46576178073883057,
    "Angry Lyrics": 0.007233177777379751,
    "Audio Production": 0.022579826414585114,
    "Aural Intensity": 0.10944340378046036,
    "Backbeat": 0.006483366712927818,
    "Bass Guitar": 0.006703206337988377,
    "Compound Meter": 0.6040914058685303,
    "Cut Time Feel": 0.3204265832901001,
    "Danceability": 0.3120976686477661,
    "Drum Aggressiveness": 0.007061408832669258,
    "Drum Set": 0.011684811674058437,
    "Electric Guitar": 0.0902353823184967,
    "Electric Guitar Distortion": 0.022006098181009293,
    "Electric Sonority": 0.3043626546859741,
    "Explicit Lyrics": 0.04802241176366806,
    "Focus on Form": 0.021269023418426514,
    "Focus on Lead Vocal": 0.9622029662132263,
    "Focus on Lyrics": 0.21396350860595703,
    "Focus on Melody": 0.226412832736969,
    "Focus on Musical Arrangements": 0.10289718210697174,
    "Focus on Performance": 0.19562256336212158,
    "Focus on Rhythmic Groove": 0.3960076570510864,
    "Focus on Riffs": 0.10840670019388199,
    "Focus on Vocal Accompaniment": 0.25189101696014404,
    "Happy/Joyful Lyrics": 0.05103709176182747,
    "Harmonic Sophistication": 0.003320871153846383,
    "Horn Ensemble": 0.050201065838336945,
    "Humorous Lyrics": 0.09477698802947998,
    "Live Recording": 0.051245249807834625,
    "Love/Romance Lyrics": 0.24423748254776,
    "Major": 0.7469227313995361,
    "Minor": 0.1509946584701538,
    "Odd Meter": 0.0033453162759542465,
    "Organ": 0.03134824335575104,
    "Percussion": 0.0035710963420569897,
    "Piano": 0.41219550371170044,
    "Reed Instrument": 0.11936311423778534,
    "Rhodes": 0.0028511928394436836,
    "Sad Lyrics": 0.041760995984077454,
    "Shuffle Feel": 0.278880774974823,
    "Social/Political Lyrics": 0.01615532487630844,
    "String Ensemble": 0.05043173208832741,
    "Swing Feel": 0.37252679467201233,
    "Syncopation Low to High": 0.018825998529791832,
    "Synth Timbre": 0.04764089733362198,
    "Synthesizer": 0.05406505614519119,
    "Synthetic Drums": 0.06163899227976799,
    "Synthetic Sonority": 0.33895450830459595,
    "Tempo": 0.6966421604156494,
    "Triple Meter": 0.3033444285392761,
    "Vocal Accompaniment": 0.11566079407930374,
    "Vocal Breathiness": 0.020184926688671112,
    "Vocal Grittiness": 0.01926017366349697,
    "Vocal Nasality": 0.0029045171104371548,
    "Vocal Register": 0.12003062665462494,
    "Vocal Smoothness": 0.023665327578783035,
    "Vocal Timbre Thin to Full": 0.038319505751132965
}