{
    "Abstract Lyrics": 0.003958120010793209,
    "Acoustic Guitar": 0.11084951460361481,
    "Acoustic Sonority": 0.5423182845115662,
    "Angry Lyrics": 0.018065735697746277,
    "Audio Production": 0.023092277348041534,
    "Aural Intensity": 0.12449415773153305,
    "Backbeat": 0.00762555655092001,
    "Bass Guitar": 0.00315503915771842,
    "Compound Meter": 0.5619295239448547,
    "Cut Time Feel": 0.34803318977355957,
    "Danceability": 0.3064226806163788,
    "Drum Aggressiveness": 0.011448957957327366,
    "Drum Set": 0.015345237217843533,
    "Electric Guitar": 0.05560189485549927,
    "Electric Guitar Distortion": 0.01716819778084755,
    "Electric Sonority": 0.248646542429924,
    "Explicit Lyrics": 0.03036767803132534,
    "Focus on Form": 0.04668836295604706,
    "Focus on Lead Vocal": 0.9678348302841187,
    "Focus on Lyrics": 0.21885009109973907,
    "Focus on Melody": 0.20270484685897827,
    "Focus on Musical Arrangements": 0.11732803285121918,
    "Focus on Performance": 0.20009107887744904,
    "Focus on Rhythmic Groove": 0.3965590000152588,
    "Focus on Riffs": 0.0966559499502182,
    "Focus on Vocal Accompaniment": 0.28863003849983215,
    "Happy/Joyful Lyrics": 0.06556878238916397,
    "Harmonic Sophistication": 0.002572774887084961,
    "Horn Ensemble": 0.06231524050235748,
    "Humorous Lyrics": 0.0724979043006897,
    "Live Recording": 0.06838339567184448,
    "Love/Romance Lyrics": 0.24597951769828796,
    "Major": 0.7494882345199585,
    "Minor": 0.10888279974460602,
    "Odd Meter": 0.001322104362770915,
    "Organ": 0.006957309786230326,
    "Percussion": 0.009370132349431515,
    "Piano": 0.12696324288845062,
    "Reed Instrument": 0.06380224227905273,
    "Rhodes": 0.006726824212819338,
    "Sad Lyrics": 0.04394424706697464,
    "Shuffle Feel": 0.1685781627893448,
    "Social/Political Lyrics": 0.01643603853881359,
    "String Ensemble": 0.023886969313025475,
    "Swing Feel": 0.41716426610946655,
    "Syncopation Low to High": 0.010902119800448418,
    "Synth Timbre": 0.04975048452615738,
    "Synthesizer": 0.06950806081295013,
    "Synthetic Drums": 0.08812963962554932,
    "Synthetic Sonority": 0.3513321876525879,
    "Tempo": 0.6808282136917114,
    "Triple Meter": 0.2272435575723648,
    "Vocal Accompaniment": 0.12285833060741425,
    "Vocal Breathiness": 0.013939602300524712,
    "Vocal Grittiness": 0.06671592593193054,
    "Vocal Nasality": 0.00422467989847064,
    "Vocal Register": 0.1813146024942398,
    "Vocal Smoothness": 0.031798355281353,
    "Vocal Timbre Thin to Full": 0.03133616968989372
}