{
    "Abstract Lyrics": 0.004668411798775196,
    "Acoustic Guitar": 0.30207857489585876,
    "Acoustic Sonority": 0.5605463981628418,
    "Angry Lyrics": 0.007966683246195316,
    "Audio Production": 0.036577604711055756,
    "Aural Intensity": 0.17244741320610046,
    "Backbeat": 0.005206987261772156,
    "Bass Guitar": 0.007515178993344307,
    "Compound Meter": 0.5138785243034363,
    "Cut Time Feel": 0.30034345388412476,
    "Danceability": 0.31308335065841675,
    "Drum Aggressiveness": 0.007835695520043373,
    "Drum Set": 0.002148331142961979,
    "Electric Guitar": 0.0460086427628994,
    "Electric Guitar Distortion": 0.025957010686397552,
    "Electric Sonority": 0.2827601432800293,
    "Explicit Lyrics": 0.02937784045934677,
    "Focus on Form": 0.017422880977392197,
    "Focus on Lead Vocal": 0.9706747531890869,
    "Focus on Lyrics": 0.2191540002822876,
    "Focus on Melody": 0.21323733031749725,
    "Focus on Musical Arrangements": 0.12262804806232452,
    "Focus on Performance": 0.20157328248023987,
    "Focus on Rhythmic Groove": 0.3946338891983032,
    "Focus on Riffs": 0.08039028197526932,
    "Focus on Vocal Accompaniment": 0.26497161388397217,
    "Happy/Joyful Lyrics": 0.05359873175621033,
    "Harmonic Sophistication": 0.0009176955209113657,
    "Horn Ensemble": 0.05207887291908264,
    "Humorous Lyrics": 0.10191582888364792,
    "Live Recording": 0.042214155197143555,
    "Love/Romance Lyrics": 0.2502795159816742,
    "Major": 0.7124110460281372,
    "Minor": 0.15731239318847656,
    "Odd Meter": 0.0015214879531413317,
    "Organ": 0.19387564063072205,
    "Percussion": 0.0018410347402095795,
    "Piano": 0.3037131726741791,
    "Reed Instrument": 0.012099719606339931,
    "Rhodes": 0.0004666355671361089,
    "Sad Lyrics": 0.046668004244565964,
    "Shuffle Feel": 0.23768100142478943,
    "Social/Political Lyrics": 0.01747690886259079,
    "String Ensemble": 0.01382044330239296,
    "Swing Feel": 0.44023507833480835,
    "Syncopation Low to High": 0.012250632047653198,
    "Synth Timbre": 0.04539894312620163,
    "Synthesizer": 0.11325561255216599,
    "Synthetic Drums": 0.04845719411969185,
    "Synthetic Sonority": 0.3603615462779999,
    "Tempo": 0.5739902853965759,
    "Triple Meter": 0.1259279102087021,
    "Vocal Accompaniment": 0.09546566009521484,
    "Vocal Breathiness": 0.0132142947986722,
    "Vocal Grittiness": 0.02601463347673416,
    "Vocal Nasality": 0.004343286156654358,
    "Vocal Register": 0.13967357575893402,
    "Vocal Smoothness": 0.03502126410603523,
    "Vocal Timbre Thin to Full": 0.031269632279872894
}