{
    "Abstract Lyrics": 0.006616957951337099,
    "Acoustic Guitar": 0.008603319525718689,
    "Acoustic Sonority": 0.47839123010635376,
    "Angry Lyrics": 0.02050270326435566,
    "Audio Production": 0.02570134960114956,
    "Aural Intensity": 0.10985296964645386,
    "Backbeat": 0.008879633620381355,
    "Bass Guitar": 0.08021500706672668,
    "Compound Meter": 0.4271767735481262,
    "Cut Time Feel": 0.2780803442001343,
    "Danceability": 0.3191094696521759,
    "Drum Aggressiveness": 0.01409104187041521,
    "Drum Set": 0.004482640419155359,
    "Electric Guitar": 0.06668651103973389,
    "Electric Guitar Distortion": 0.02793809026479721,
    "Electric Sonority": 0.28898632526397705,
    "Explicit Lyrics": 0.10601279139518738,
    "Focus on Form": 0.06169404089450836,
    "Focus on Lead Vocal": 0.9710642099380493,
    "Focus on Lyrics": 0.2424139678478241,
    "Focus on Melody": 0.24115385115146637,
    "Focus on Musical Arrangements": 0.10741192102432251,
    "Focus on Performance": 0.23045742511749268,
    "Focus on Rhythmic Groove": 0.4202868640422821,
    "Focus on Riffs": 0.09046638011932373,
    "Focus on Vocal Accompaniment": 0.31685206294059753,
    "Happy/Joyful Lyrics": 0.11182665824890137,
    "Harmonic Sophistication": 0.0019384536426514387,
    "Horn Ensemble": 0.03996286541223526,
    "Humorous Lyrics": 0.2984684705734253,
    "Live Recording": 0.05779771879315376,
    "Love/Romance Lyrics": 0.3222721219062805,
    "Major": 0.7603880763053894,
    "Minor": 0.12351186573505402,
    "Odd Meter": 0.0058275447227060795,
    "Organ": 0.3362923562526703,
    "Percussion": 0.016650641337037086,
    "Piano": 0.06715032458305359,
    "Reed Instrument": 0.24489785730838776,
    "Rhodes": 0.0005719981854781508,
    "Sad Lyrics": 0.12101949751377106,
    "Shuffle Feel": 0.10906049609184265,
    "Social/Political Lyrics": 0.11442457139492035,
    "String Ensemble": 0.009109120815992355,
    "Swing Feel": 0.24861568212509155,
    "Syncopation Low to High": 0.018221665173768997,
    "Synth Timbre": 0.04327922314405441,
    "Synthesizer": 0.043267641216516495,
    "Synthetic Drums": 0.09469039738178253,
    "Synthetic Sonority": 0.33743733167648315,
    "Tempo": 0.3271992802619934,
    "Triple Meter": 0.20273688435554504,
    "Vocal Accompaniment": 0.11531209945678711,
    "Vocal Breathiness": 0.02076132595539093,
    "Vocal Grittiness": 0.04759588465094566,
    "Vocal Nasality": 0.005190189927816391,
    "Vocal Register": 0.18370500206947327,
    "Vocal Smoothness": 0.02762945368885994,
    "Vocal Timbre Thin to Full": 0.03996407240629196
}