{
    "Abstract Lyrics": 0.003441272536292672,
    "Acoustic Guitar": 0.2163187712430954,
    "Acoustic Sonority": 0.5347545146942139,
    "Angry Lyrics": 0.009265013970434666,
    "Audio Production": 0.029444660991430283,
    "Aural Intensity": 0.11987578868865967,
    "Backbeat": 0.015663979575037956,
    "Bass Guitar": 0.0030135447159409523,
    "Compound Meter": 0.471688836812973,
    "Cut Time Feel": 0.2465740144252777,
    "Danceability": 0.2883338928222656,
    "Drum Aggressiveness": 0.027479050680994987,
    "Drum Set": 0.0052399421110749245,
    "Electric Guitar": 0.04798799380660057,
    "Electric Guitar Distortion": 0.045750051736831665,
    "Electric Sonority": 0.26710042357444763,
    "Explicit Lyrics": 0.04154994338750839,
    "Focus on Form": 0.03734140843153,
    "Focus on Lead Vocal": 0.9685471057891846,
    "Focus on Lyrics": 0.21695543825626373,
    "Focus on Melody": 0.2277493178844452,
    "Focus on Musical Arrangements": 0.12135472148656845,
    "Focus on Performance": 0.21705526113510132,
    "Focus on Rhythmic Groove": 0.3737374246120453,
    "Focus on Riffs": 0.08965513110160828,
    "Focus on Vocal Accompaniment": 0.2549133896827698,
    "Happy/Joyful Lyrics": 0.06120159476995468,
    "Harmonic Sophistication": 0.017133302986621857,
    "Horn Ensemble": 0.038930200040340424,
    "Humorous Lyrics": 0.07934196293354034,
    "Live Recording": 0.04187741130590439,
    "Love/Romance Lyrics": 0.24918507039546967,
    "Major": 0.7352842092514038,
    "Minor": 0.11225039511919022,
    "Odd Meter": 0.0024556464049965143,
    "Organ": 0.008904196321964264,
    "Percussion": 0.016030216589570045,
    "Piano": 0.005072763189673424,
    "Reed Instrument": 0.02878674492239952,
    "Rhodes": 0.0004666355671361089,
    "Sad Lyrics": 0.041475024074316025,
    "Shuffle Feel": 0.2087741196155548,
    "Social/Political Lyrics": 0.020602494478225708,
    "String Ensemble": 0.18487629294395447,
    "Swing Feel": 0.389530748128891,
    "Syncopation Low to High": 0.010529883205890656,
    "Synth Timbre": 0.031204791739583015,
    "Synthesizer": 0.08775699138641357,
    "Synthetic Drums": 0.07127931714057922,
    "Synthetic Sonority": 0.3709285259246826,
    "Tempo": 0.5782910585403442,
    "Triple Meter": 0.06398236006498337,
    "Vocal Accompaniment": 0.107658252120018,
    "Vocal Breathiness": 0.014781732112169266,
    "Vocal Grittiness": 0.01579803228378296,
    "Vocal Nasality": 0.006118651945143938,
    "Vocal Register": 0.1278281956911087,
    "Vocal Smoothness": 0.030429264530539513,
    "Vocal Timbre Thin to Full": 0.025840802118182182
}