{
    "Abstract Lyrics": 0.007484499365091324,
    "Acoustic Guitar": 0.07984078675508499,
    "Acoustic Sonority": 0.5718255043029785,
    "Angry Lyrics": 0.019330374896526337,
    "Audio Production": 0.031000057235360146,
    "Aural Intensity": 0.17384137213230133,
    "Backbeat": 0.007910411804914474,
    "Bass Guitar": 0.011653311550617218,
    "Compound Meter": 0.4658283591270447,
    "Cut Time Feel": 0.33735984563827515,
    "Danceability": 0.3099561929702759,
    "Drum Aggressiveness": 0.023638740181922913,
    "Drum Set": 0.0031448390800505877,
    "Electric Guitar": 0.08282727748155594,
    "Electric Guitar Distortion": 0.08835573494434357,
    "Electric Sonority": 0.31226950883865356,
    "Explicit Lyrics": 0.07457311451435089,
    "Focus on Form": 0.022531256079673767,
    "Focus on Lead Vocal": 0.9603077173233032,
    "Focus on Lyrics": 0.22966641187667847,
    "Focus on Melody": 0.23059141635894775,
    "Focus on Musical Arrangements": 0.10892578959465027,
    "Focus on Performance": 0.17618325352668762,
    "Focus on Rhythmic Groove": 0.4180530607700348,
    "Focus on Riffs": 0.08890050649642944,
    "Focus on Vocal Accompaniment": 0.2320670783519745,
    "Happy/Joyful Lyrics": 0.06334519386291504,
    "Harmonic Sophistication": 0.0010753036476671696,
    "Horn Ensemble": 0.05315588042140007,
    "Humorous Lyrics": 0.047557421028614044,
    "Live Recording": 0.04202760010957718,
    "Love/Romance Lyrics": 0.26561295986175537,
    "Major": 0.743013858795166,
    "Minor": 0.09554815292358398,
    "Odd Meter": 0.0032792924903333187,
    "Organ": 0.08982610702514648,
    "Percussion": 0.08119658380746841,
    "Piano": 0.015509970486164093,
    "Reed Instrument": 0.048392243683338165,
    "Rhodes": 0.0006171142449602485,
    "Sad Lyrics": 0.06284669041633606,
    "Shuffle Feel": 0.25164544582366943,
    "Social/Political Lyrics": 0.01566333696246147,
    "String Ensemble": 0.013190224766731262,
    "Swing Feel": 0.37765437364578247,
    "Syncopation Low to High": 0.021098194643855095,
    "Synth Timbre": 0.053945142775774,
    "Synthesizer": 0.0467359833419323,
    "Synthetic Drums": 0.07880628854036331,
    "Synthetic Sonority": 0.3678455948829651,
    "Tempo": 0.6284031867980957,
    "Triple Meter": 0.24257582426071167,
    "Vocal Accompaniment": 0.07367756962776184,
    "Vocal Breathiness": 0.00640571303665638,
    "Vocal Grittiness": 0.04698580875992775,
    "Vocal Nasality": 0.010108805261552334,
    "Vocal Register": 0.0945977121591568,
    "Vocal Smoothness": 0.024221282452344894,
    "Vocal Timbre Thin to Full": 0.026032717898488045
}