{
    "Abstract Lyrics": 0.004116600379347801,
    "Acoustic Guitar": 0.2437860518693924,
    "Acoustic Sonority": 0.4766477346420288,
    "Angry Lyrics": 0.0075623756274580956,
    "Audio Production": 0.025668662041425705,
    "Aural Intensity": 0.12199227511882782,
    "Backbeat": 0.0063131218776106834,
    "Bass Guitar": 0.005168030969798565,
    "Compound Meter": 0.600643515586853,
    "Cut Time Feel": 0.33314430713653564,
    "Danceability": 0.29228341579437256,
    "Drum Aggressiveness": 0.0067823417484760284,
    "Drum Set": 0.020563997328281403,
    "Electric Guitar": 0.08934128284454346,
    "Electric Guitar Distortion": 0.01644563488662243,
    "Electric Sonority": 0.30681055784225464,
    "Explicit Lyrics": 0.03962966427206993,
    "Focus on Form": 0.02003033086657524,
    "Focus on Lead Vocal": 0.9641851186752319,
    "Focus on Lyrics": 0.2046215534210205,
    "Focus on Melody": 0.20316791534423828,
    "Focus on Musical Arrangements": 0.111238032579422,
    "Focus on Performance": 0.20219753682613373,
    "Focus on Rhythmic Groove": 0.36964309215545654,
    "Focus on Riffs": 0.09355919063091278,
    "Focus on Vocal Accompaniment": 0.2512911856174469,
    "Happy/Joyful Lyrics": 0.05432064086198807,
    "Harmonic Sophistication": 0.0031047977972775698,
    "Horn Ensemble": 0.022715186700224876,
    "Humorous Lyrics": 0.10191003233194351,
    "Live Recording": 0.05640695244073868,
    "Love/Romance Lyrics": 0.22724373638629913,
    "Major": 0.7446860671043396,
    "Minor": 0.11325676739215851,
    "Odd Meter": 0.002751587890088558,
    "Organ": 0.021692287176847458,
    "Percussion": 0.00219243997707963,
    "Piano": 0.33948981761932373,
    "Reed Instrument": 0.15898968279361725,
    "Rhodes": 0.00294317863881588,
    "Sad Lyrics": 0.044174451380968094,
    "Shuffle Feel": 0.31479236483573914,
    "Social/Political Lyrics": 0.01877884566783905,
    "String Ensemble": 0.019737962633371353,
    "Swing Feel": 0.3551328778266907,
    "Syncopation Low to High": 0.018625371158123016,
    "Synth Timbre": 0.06193564832210541,
    "Synthesizer": 0.05423600226640701,
    "Synthetic Drums": 0.06622451543807983,
    "Synthetic Sonority": 0.33542490005493164,
    "Tempo": 0.6739447116851807,
    "Triple Meter": 0.2496947944164276,
    "Vocal Accompaniment": 0.12120917439460754,
    "Vocal Breathiness": 0.009988313540816307,
    "Vocal Grittiness": 0.025909913703799248,
    "Vocal Nasality": 0.0036963331513106823,
    "Vocal Register": 0.11488085985183716,
    "Vocal Smoothness": 0.021381353959441185,
    "Vocal Timbre Thin to Full": 0.05575144290924072
}