{
    "Abstract Lyrics": 0.002466200850903988,
    "Acoustic Guitar": 0.013121853582561016,
    "Acoustic Sonority": 0.5554007291793823,
    "Angry Lyrics": 0.005259106867015362,
    "Audio Production": 0.050518374890089035,
    "Aural Intensity": 0.13869233429431915,
    "Backbeat": 0.007554465904831886,
    "Bass Guitar": 0.00737346475943923,
    "Compound Meter": 0.4099980592727661,
    "Cut Time Feel": 0.3594334125518799,
    "Danceability": 0.29382678866386414,
    "Drum Aggressiveness": 0.008324441500008106,
    "Drum Set": 0.002467122860252857,
    "Electric Guitar": 0.07915867120027542,
    "Electric Guitar Distortion": 0.0901503786444664,
    "Electric Sonority": 0.2858375608921051,
    "Explicit Lyrics": 0.05232028663158417,
    "Focus on Form": 0.017587482929229736,
    "Focus on Lead Vocal": 0.9675055742263794,
    "Focus on Lyrics": 0.21422769129276276,
    "Focus on Melody": 0.2298114001750946,
    "Focus on Musical Arrangements": 0.135687455534935,
    "Focus on Performance": 0.17946992814540863,
    "Focus on Rhythmic Groove": 0.40828442573547363,
    "Focus on Riffs": 0.06327836215496063,
    "Focus on Vocal Accompaniment": 0.25048065185546875,
    "Happy/Joyful Lyrics": 0.06053096055984497,
    "Harmonic Sophistication": 0.001387445954605937,
    "Horn Ensemble": 0.04149213805794716,
    "Humorous Lyrics": 0.10098934173583984,
    "Live Recording": 0.037755951285362244,
    "Love/Romance Lyrics": 0.2521333694458008,
    "Major": 0.7418451309204102,
    "Minor": 0.12252497673034668,
    "Odd Meter": 0.002684563398361206,
    "Organ": 0.007594372611492872,
    "Percussion": 0.0014992504147812724,
    "Piano": 0.21702586114406586,
    "Reed Instrument": 0.04668977111577988,
    "Rhodes": 0.0004666355671361089,
    "Sad Lyrics": 0.040317900478839874,
    "Shuffle Feel": 0.2745321989059448,
    "Social/Political Lyrics": 0.014902607537806034,
    "String Ensemble": 0.08991585671901703,
    "Swing Feel": 0.3635003864765167,
    "Syncopation Low to High": 0.0070630344562232494,
    "Synth Timbre": 0.02460339292883873,
    "Synthesizer": 0.07333387434482574,
    "Synthetic Drums": 0.053426869213581085,
    "Synthetic Sonority": 0.3450191020965576,
    "Tempo": 0.5648394227027893,
    "Triple Meter": 0.10834940522909164,
    "Vocal Accompaniment": 0.09276667982339859,
    "Vocal Breathiness": 0.008368607610464096,
    "Vocal Grittiness": 0.04105997085571289,
    "Vocal Nasality": 0.003951831720769405,
    "Vocal Register": 0.14606621861457825,
    "Vocal Smoothness": 0.028532352298498154,
    "Vocal Timbre Thin to Full": 0.0375102162361145
}