{
    "Abstract Lyrics": 0.005929853767156601,
    "Acoustic Guitar": 0.005259636323899031,
    "Acoustic Sonority": 0.4762386083602905,
    "Angry Lyrics": 0.022953853011131287,
    "Audio Production": 0.023760266602039337,
    "Aural Intensity": 0.06541605293750763,
    "Backbeat": 0.006406112108379602,
    "Bass Guitar": 0.0388861745595932,
    "Compound Meter": 0.41288846731185913,
    "Cut Time Feel": 0.2718866467475891,
    "Danceability": 0.317430704832077,
    "Drum Aggressiveness": 0.011092029511928558,
    "Drum Set": 0.0074349334463477135,
    "Electric Guitar": 0.06707976758480072,
    "Electric Guitar Distortion": 0.027661306783556938,
    "Electric Sonority": 0.29050278663635254,
    "Explicit Lyrics": 0.0911233201622963,
    "Focus on Form": 0.03917630761861801,
    "Focus on Lead Vocal": 0.971246600151062,
    "Focus on Lyrics": 0.24260330200195312,
    "Focus on Melody": 0.23451994359493256,
    "Focus on Musical Arrangements": 0.10783258825540543,
    "Focus on Performance": 0.21287056803703308,
    "Focus on Rhythmic Groove": 0.41017788648605347,
    "Focus on Riffs": 0.09808352589607239,
    "Focus on Vocal Accompaniment": 0.3115499019622803,
    "Happy/Joyful Lyrics": 0.10843107104301453,
    "Harmonic Sophistication": 0.0014772218419238925,
    "Horn Ensemble": 0.06219102442264557,
    "Humorous Lyrics": 0.27292516827583313,
    "Live Recording": 0.061437033116817474,
    "Love/Romance Lyrics": 0.3232586681842804,
    "Major": 0.7625374794006348,
    "Minor": 0.10119529813528061,
    "Odd Meter": 0.007979925721883774,
    "Organ": 0.17670147120952606,
    "Percussion": 0.0024425850715488195,
    "Piano": 0.03597734123468399,
    "Reed Instrument": 0.44450047612190247,
    "Rhodes": 0.0005519979749806225,
    "Sad Lyrics": 0.10375846922397614,
    "Shuffle Feel": 0.10969393700361252,
    "Social/Political Lyrics": 0.1282845437526703,
    "String Ensemble": 0.0095124002546072,
    "Swing Feel": 0.20230141282081604,
    "Syncopation Low to High": 0.014851827174425125,
    "Synth Timbre": 0.03785843029618263,
    "Synthesizer": 0.03483644127845764,
    "Synthetic Drums": 0.08974629640579224,
    "Synthetic Sonority": 0.32985448837280273,
    "Tempo": 0.3198174238204956,
    "Triple Meter": 0.20331376791000366,
    "Vocal Accompaniment": 0.10728050768375397,
    "Vocal Breathiness": 0.014982746914029121,
    "Vocal Grittiness": 0.06130579113960266,
    "Vocal Nasality": 0.004687880165874958,
    "Vocal Register": 0.17589232325553894,
    "Vocal Smoothness": 0.02783951163291931,
    "Vocal Timbre Thin to Full": 0.03295150399208069
}