{
    "Abstract Lyrics": 0.005849150009453297,
    "Acoustic Guitar": 0.010805873200297356,
    "Acoustic Sonority": 0.4810846447944641,
    "Angry Lyrics": 0.022761575877666473,
    "Audio Production": 0.02636786177754402,
    "Aural Intensity": 0.0921514630317688,
    "Backbeat": 0.010819248855113983,
    "Bass Guitar": 0.054788485169410706,
    "Compound Meter": 0.43623894453048706,
    "Cut Time Feel": 0.26924774050712585,
    "Danceability": 0.31244993209838867,
    "Drum Aggressiveness": 0.01060313731431961,
    "Drum Set": 0.006945375353097916,
    "Electric Guitar": 0.06677669286727905,
    "Electric Guitar Distortion": 0.027299266308546066,
    "Electric Sonority": 0.29168322682380676,
    "Explicit Lyrics": 0.08883976936340332,
    "Focus on Form": 0.04830314964056015,
    "Focus on Lead Vocal": 0.9716339111328125,
    "Focus on Lyrics": 0.2387869656085968,
    "Focus on Melody": 0.23130077123641968,
    "Focus on Musical Arrangements": 0.10453785955905914,
    "Focus on Performance": 0.20147889852523804,
    "Focus on Rhythmic Groove": 0.41526639461517334,
    "Focus on Riffs": 0.0857459008693695,
    "Focus on Vocal Accompaniment": 0.311079740524292,
    "Happy/Joyful Lyrics": 0.10611627995967865,
    "Harmonic Sophistication": 0.0016220371471717954,
    "Horn Ensemble": 0.05554647743701935,
    "Humorous Lyrics": 0.2901914119720459,
    "Live Recording": 0.05691606551408768,
    "Love/Romance Lyrics": 0.31685972213745117,
    "Major": 0.7580801248550415,
    "Minor": 0.114150270819664,
    "Odd Meter": 0.0067220753990113735,
    "Organ": 0.33873507380485535,
    "Percussion": 0.0036067196633666754,
    "Piano": 0.022895965725183487,
    "Reed Instrument": 0.351782888174057,
    "Rhodes": 0.0006149359978735447,
    "Sad Lyrics": 0.12266342341899872,
    "Shuffle Feel": 0.11977490782737732,
    "Social/Political Lyrics": 0.13731947541236877,
    "String Ensemble": 0.01087873987853527,
    "Swing Feel": 0.2289905995130539,
    "Syncopation Low to High": 0.018045896664261818,
    "Synth Timbre": 0.037262581288814545,
    "Synthesizer": 0.037041738629341125,
    "Synthetic Drums": 0.09270896762609482,
    "Synthetic Sonority": 0.3356131315231323,
    "Tempo": 0.3189780116081238,
    "Triple Meter": 0.1571294665336609,
    "Vocal Accompaniment": 0.11945682018995285,
    "Vocal Breathiness": 0.013943741098046303,
    "Vocal Grittiness": 0.06577973067760468,
    "Vocal Nasality": 0.0038975055795162916,
    "Vocal Register": 0.19049127399921417,
    "Vocal Smoothness": 0.02091238647699356,
    "Vocal Timbre Thin to Full": 0.0403817854821682
}