{
    "Abstract Lyrics": 0.0037706440780311823,
    "Acoustic Guitar": 0.06385646760463715,
    "Acoustic Sonority": 0.5379860997200012,
    "Angry Lyrics": 0.010594330728054047,
    "Audio Production": 0.02755330130457878,
    "Aural Intensity": 0.12531252205371857,
    "Backbeat": 0.010486194863915443,
    "Bass Guitar": 0.0019081272184848785,
    "Compound Meter": 0.520717442035675,
    "Cut Time Feel": 0.3271768093109131,
    "Danceability": 0.3037799596786499,
    "Drum Aggressiveness": 0.01273911353200674,
    "Drum Set": 0.007552213966846466,
    "Electric Guitar": 0.05294588953256607,
    "Electric Guitar Distortion": 0.028495149686932564,
    "Electric Sonority": 0.25446608662605286,
    "Explicit Lyrics": 0.02628946863114834,
    "Focus on Form": 0.02504921890795231,
    "Focus on Lead Vocal": 0.9679329991340637,
    "Focus on Lyrics": 0.22016596794128418,
    "Focus on Melody": 0.22442737221717834,
    "Focus on Musical Arrangements": 0.11254267394542694,
    "Focus on Performance": 0.23777465522289276,
    "Focus on Rhythmic Groove": 0.39343738555908203,
    "Focus on Riffs": 0.08627397567033768,
    "Focus on Vocal Accompaniment": 0.28752201795578003,
    "Happy/Joyful Lyrics": 0.05722302198410034,
    "Harmonic Sophistication": 0.001911663799546659,
    "Horn Ensemble": 0.06976320594549179,
    "Humorous Lyrics": 0.09611550718545914,
    "Live Recording": 0.05668724700808525,
    "Love/Romance Lyrics": 0.2358534187078476,
    "Major": 0.7484297752380371,
    "Minor": 0.11837466061115265,
    "Odd Meter": 0.0020945616997778416,
    "Organ": 0.004591384902596474,
    "Percussion": 0.016230620443820953,
    "Piano": 0.22077177464962006,
    "Reed Instrument": 0.13750000298023224,
    "Rhodes": 0.0004666355671361089,
    "Sad Lyrics": 0.04669175297021866,
    "Shuffle Feel": 0.17432260513305664,
    "Social/Political Lyrics": 0.017746547237038612,
    "String Ensemble": 0.04149889200925827,
    "Swing Feel": 0.4179753363132477,
    "Syncopation Low to High": 0.020815029740333557,
    "Synth Timbre": 0.04706121236085892,
    "Synthesizer": 0.05293375626206398,
    "Synthetic Drums": 0.0874248743057251,
    "Synthetic Sonority": 0.3473166823387146,
    "Tempo": 0.653549313545227,
    "Triple Meter": 0.15806910395622253,
    "Vocal Accompaniment": 0.13470087945461273,
    "Vocal Breathiness": 0.01949562504887581,
    "Vocal Grittiness": 0.050224367529153824,
    "Vocal Nasality": 0.0038475235924124718,
    "Vocal Register": 0.1966848522424698,
    "Vocal Smoothness": 0.027432242408394814,
    "Vocal Timbre Thin to Full": 0.02714124135673046
}