{
    "Abstract Lyrics": 0.008802343159914017,
    "Acoustic Guitar": 0.2079842984676361,
    "Acoustic Sonority": 0.5026353597640991,
    "Angry Lyrics": 0.012308025732636452,
    "Audio Production": 0.025675341486930847,
    "Aural Intensity": 0.09467019140720367,
    "Backbeat": 0.012040363624691963,
    "Bass Guitar": 0.00757230632007122,
    "Compound Meter": 0.4393385648727417,
    "Cut Time Feel": 0.25951534509658813,
    "Danceability": 0.23268060386180878,
    "Drum Aggressiveness": 0.002959852572530508,
    "Drum Set": 0.0009332711342722178,
    "Electric Guitar": 0.09366213530302048,
    "Electric Guitar Distortion": 0.025717364624142647,
    "Electric Sonority": 0.27378779649734497,
    "Explicit Lyrics": 0.024803396314382553,
    "Focus on Form": 0.02843315526843071,
    "Focus on Lead Vocal": 0.9577473402023315,
    "Focus on Lyrics": 0.19191089272499084,
    "Focus on Melody": 0.1891328990459442,
    "Focus on Musical Arrangements": 0.10548830777406693,
    "Focus on Performance": 0.13726679980754852,
    "Focus on Rhythmic Groove": 0.3284987211227417,
    "Focus on Riffs": 0.0773678570985794,
    "Focus on Vocal Accompaniment": 0.23854151368141174,
    "Happy/Joyful Lyrics": 0.051854103803634644,
    "Harmonic Sophistication": 0.00215868279337883,
    "Horn Ensemble": 0.04834510385990143,
    "Humorous Lyrics": 0.1529199481010437,
    "Live Recording": 0.05268734320998192,
    "Love/Romance Lyrics": 0.2239665687084198,
    "Major": 0.6983680725097656,
    "Minor": 0.1831243634223938,
    "Odd Meter": 0.0015214879531413317,
    "Organ": 0.014705774374306202,
    "Percussion": 0.07410237193107605,
    "Piano": 0.126761332154274,
    "Reed Instrument": 0.106210857629776,
    "Rhodes": 0.024042842909693718,
    "Sad Lyrics": 0.04549753665924072,
    "Shuffle Feel": 0.17115193605422974,
    "Social/Political Lyrics": 0.015204263851046562,
    "String Ensemble": 0.35261428356170654,
    "Swing Feel": 0.2682205140590668,
    "Syncopation Low to High": 0.024850493296980858,
    "Synth Timbre": 0.04007032513618469,
    "Synthesizer": 0.05844474956393242,
    "Synthetic Drums": 0.0452997088432312,
    "Synthetic Sonority": 0.312711626291275,
    "Tempo": 0.48889559507369995,
    "Triple Meter": 0.09750735759735107,
    "Vocal Accompaniment": 0.10951251536607742,
    "Vocal Breathiness": 0.006061919033527374,
    "Vocal Grittiness": 0.04869367927312851,
    "Vocal Nasality": 0.007888445630669594,
    "Vocal Register": 0.1331208199262619,
    "Vocal Smoothness": 0.01602913998067379,
    "Vocal Timbre Thin to Full": 0.023808762431144714
}