{
    "Abstract Lyrics": 0.0026731884572654963,
    "Acoustic Guitar": 0.01613699086010456,
    "Acoustic Sonority": 0.5380046367645264,
    "Angry Lyrics": 0.014313404448330402,
    "Audio Production": 0.016706041991710663,
    "Aural Intensity": 0.08388625830411911,
    "Backbeat": 0.013487152755260468,
    "Bass Guitar": 0.0033423141576349735,
    "Compound Meter": 0.4448195695877075,
    "Cut Time Feel": 0.2610028386116028,
    "Danceability": 0.21698059141635895,
    "Drum Aggressiveness": 0.005600627511739731,
    "Drum Set": 0.0029781097546219826,
    "Electric Guitar": 0.07899081707000732,
    "Electric Guitar Distortion": 0.02469392493367195,
    "Electric Sonority": 0.2578645944595337,
    "Explicit Lyrics": 0.027310188859701157,
    "Focus on Form": 0.023559533059597015,
    "Focus on Lead Vocal": 0.9550212621688843,
    "Focus on Lyrics": 0.18741723895072937,
    "Focus on Melody": 0.19125975668430328,
    "Focus on Musical Arrangements": 0.10222594439983368,
    "Focus on Performance": 0.10975470393896103,
    "Focus on Rhythmic Groove": 0.30186697840690613,
    "Focus on Riffs": 0.07418179512023926,
    "Focus on Vocal Accompaniment": 0.24069637060165405,
    "Happy/Joyful Lyrics": 0.06372474133968353,
    "Harmonic Sophistication": 0.001078256405889988,
    "Horn Ensemble": 0.06168772280216217,
    "Humorous Lyrics": 0.18515725433826447,
    "Live Recording": 0.04138902574777603,
    "Love/Romance Lyrics": 0.21299584209918976,
    "Major": 0.705531895160675,
    "Minor": 0.13369718194007874,
    "Odd Meter": 0.0006999533507041633,
    "Organ": 0.013328555971384048,
    "Percussion": 0.25023332238197327,
    "Piano": 0.07017067819833755,
    "Reed Instrument": 0.028271306306123734,
    "Rhodes": 0.0019694289658218622,
    "Sad Lyrics": 0.029864035546779633,
    "Shuffle Feel": 0.1677725613117218,
    "Social/Political Lyrics": 0.01710062474012375,
    "String Ensemble": 0.01741117611527443,
    "Swing Feel": 0.2774461507797241,
    "Syncopation Low to High": 0.0232510007917881,
    "Synth Timbre": 0.047676801681518555,
    "Synthesizer": 0.043948203325271606,
    "Synthetic Drums": 0.049020327627658844,
    "Synthetic Sonority": 0.2943432331085205,
    "Tempo": 0.5388627648353577,
    "Triple Meter": 0.18681825697422028,
    "Vocal Accompaniment": 0.10126819461584091,
    "Vocal Breathiness": 0.010182823985815048,
    "Vocal Grittiness": 0.043346237391233444,
    "Vocal Nasality": 0.007867631502449512,
    "Vocal Register": 0.11459402740001678,
    "Vocal Smoothness": 0.022518977522850037,
    "Vocal Timbre Thin to Full": 0.02842049114406109
}