{
    "Abstract Lyrics": 0.006805889308452606,
    "Acoustic Guitar": 0.040424175560474396,
    "Acoustic Sonority": 0.576668918132782,
    "Angry Lyrics": 0.011608406901359558,
    "Audio Production": 0.05783197283744812,
    "Aural Intensity": 0.17237704992294312,
    "Backbeat": 0.020046215504407883,
    "Bass Guitar": 0.026714321225881577,
    "Compound Meter": 0.4076097905635834,
    "Cut Time Feel": 0.28791525959968567,
    "Danceability": 0.3324703574180603,
    "Drum Aggressiveness": 0.009176120162010193,
    "Drum Set": 0.003978068940341473,
    "Electric Guitar": 0.07749541848897934,
    "Electric Guitar Distortion": 0.034452296793460846,
    "Electric Sonority": 0.34621861577033997,
    "Explicit Lyrics": 0.04816754162311554,
    "Focus on Form": 0.03693709522485733,
    "Focus on Lead Vocal": 0.9725072383880615,
    "Focus on Lyrics": 0.23882275819778442,
    "Focus on Melody": 0.2318221926689148,
    "Focus on Musical Arrangements": 0.1360473781824112,
    "Focus on Performance": 0.23112085461616516,
    "Focus on Rhythmic Groove": 0.4565897583961487,
    "Focus on Riffs": 0.09628430008888245,
    "Focus on Vocal Accompaniment": 0.2922089099884033,
    "Happy/Joyful Lyrics": 0.08756621181964874,
    "Harmonic Sophistication": 0.001857439405284822,
    "Horn Ensemble": 0.10637516528367996,
    "Humorous Lyrics": 0.18760421872138977,
    "Live Recording": 0.08903434872627258,
    "Love/Romance Lyrics": 0.2830825746059418,
    "Major": 0.7420234680175781,
    "Minor": 0.2678939402103424,
    "Odd Meter": 0.0042601474560797215,
    "Organ": 0.10207599401473999,
    "Percussion": 0.06375227868556976,
    "Piano": 0.24815693497657776,
    "Reed Instrument": 0.08368571847677231,
    "Rhodes": 0.0011985687306150794,
    "Sad Lyrics": 0.047581419348716736,
    "Shuffle Feel": 0.11770971119403839,
    "Social/Political Lyrics": 0.019000669941306114,
    "String Ensemble": 0.01730228215456009,
    "Swing Feel": 0.2942904233932495,
    "Syncopation Low to High": 0.04109182581305504,
    "Synth Timbre": 0.1009337455034256,
    "Synthesizer": 0.09047713875770569,
    "Synthetic Drums": 0.1184198409318924,
    "Synthetic Sonority": 0.3918008804321289,
    "Tempo": 0.35455119609832764,
    "Triple Meter": 0.1329711228609085,
    "Vocal Accompaniment": 0.12032961845397949,
    "Vocal Breathiness": 0.022935763001441956,
    "Vocal Grittiness": 0.0469212681055069,
    "Vocal Nasality": 0.004983595572412014,
    "Vocal Register": 0.15998822450637817,
    "Vocal Smoothness": 0.02541969157755375,
    "Vocal Timbre Thin to Full": 0.03819369524717331
}