{
    "Abstract Lyrics": 0.006297409068793058,
    "Acoustic Guitar": 0.11590290814638138,
    "Acoustic Sonority": 0.5682527422904968,
    "Angry Lyrics": 0.019351685419678688,
    "Audio Production": 0.02974831312894821,
    "Aural Intensity": 0.16833291947841644,
    "Backbeat": 0.007757972925901413,
    "Bass Guitar": 0.012604405172169209,
    "Compound Meter": 0.4553091526031494,
    "Cut Time Feel": 0.3471074402332306,
    "Danceability": 0.2997506856918335,
    "Drum Aggressiveness": 0.015332723967730999,
    "Drum Set": 0.0034822600428014994,
    "Electric Guitar": 0.09324924647808075,
    "Electric Guitar Distortion": 0.08546244353055954,
    "Electric Sonority": 0.30482643842697144,
    "Explicit Lyrics": 0.07236963510513306,
    "Focus on Form": 0.025086313486099243,
    "Focus on Lead Vocal": 0.961035966873169,
    "Focus on Lyrics": 0.2256654053926468,
    "Focus on Melody": 0.23297905921936035,
    "Focus on Musical Arrangements": 0.11603789031505585,
    "Focus on Performance": 0.17181122303009033,
    "Focus on Rhythmic Groove": 0.4086418151855469,
    "Focus on Riffs": 0.08798709511756897,
    "Focus on Vocal Accompaniment": 0.23556220531463623,
    "Happy/Joyful Lyrics": 0.06351082026958466,
    "Harmonic Sophistication": 0.001105440896935761,
    "Horn Ensemble": 0.04985429346561432,
    "Humorous Lyrics": 0.05154915899038315,
    "Live Recording": 0.039647527039051056,
    "Love/Romance Lyrics": 0.27163809537887573,
    "Major": 0.7406629323959351,
    "Minor": 0.10060537606477737,
    "Odd Meter": 0.003987432457506657,
    "Organ": 0.11931391060352325,
    "Percussion": 0.09270516782999039,
    "Piano": 0.016682066023349762,
    "Reed Instrument": 0.0641363263130188,
    "Rhodes": 0.0008299715118482709,
    "Sad Lyrics": 0.06532242149114609,
    "Shuffle Feel": 0.25255146622657776,
    "Social/Political Lyrics": 0.015981899574398994,
    "String Ensemble": 0.011669911444187164,
    "Swing Feel": 0.37083685398101807,
    "Syncopation Low to High": 0.02371341362595558,
    "Synth Timbre": 0.056292787194252014,
    "Synthesizer": 0.048239775002002716,
    "Synthetic Drums": 0.07393497973680496,
    "Synthetic Sonority": 0.36463600397109985,
    "Tempo": 0.6244370937347412,
    "Triple Meter": 0.19362272322177887,
    "Vocal Accompaniment": 0.07182183861732483,
    "Vocal Breathiness": 0.005904302932322025,
    "Vocal Grittiness": 0.041736848652362823,
    "Vocal Nasality": 0.00925411842763424,
    "Vocal Register": 0.09733425080776215,
    "Vocal Smoothness": 0.027094734832644463,
    "Vocal Timbre Thin to Full": 0.030118651688098907
}