{
    "Abstract Lyrics": 0.004287060350179672,
    "Acoustic Guitar": 0.2375251054763794,
    "Acoustic Sonority": 0.5297824740409851,
    "Angry Lyrics": 0.012208234518766403,
    "Audio Production": 0.026718763634562492,
    "Aural Intensity": 0.11033659428358078,
    "Backbeat": 0.00738364877179265,
    "Bass Guitar": 0.0023721354082226753,
    "Compound Meter": 0.5161850452423096,
    "Cut Time Feel": 0.3731120824813843,
    "Danceability": 0.29967132210731506,
    "Drum Aggressiveness": 0.010837506502866745,
    "Drum Set": 0.016091229394078255,
    "Electric Guitar": 0.11911925673484802,
    "Electric Guitar Distortion": 0.02881794050335884,
    "Electric Sonority": 0.27555030584335327,
    "Explicit Lyrics": 0.03495731204748154,
    "Focus on Form": 0.03464983403682709,
    "Focus on Lead Vocal": 0.9646625518798828,
    "Focus on Lyrics": 0.22361840307712555,
    "Focus on Melody": 0.22257810831069946,
    "Focus on Musical Arrangements": 0.14288023114204407,
    "Focus on Performance": 0.20987489819526672,
    "Focus on Rhythmic Groove": 0.3943587839603424,
    "Focus on Riffs": 0.09962320327758789,
    "Focus on Vocal Accompaniment": 0.2670608460903168,
    "Happy/Joyful Lyrics": 0.0620434507727623,
    "Harmonic Sophistication": 0.0016613787738606334,
    "Horn Ensemble": 0.05540420860052109,
    "Humorous Lyrics": 0.09497218579053879,
    "Live Recording": 0.06342965364456177,
    "Love/Romance Lyrics": 0.24024823307991028,
    "Major": 0.7394646406173706,
    "Minor": 0.12272733449935913,
    "Odd Meter": 0.0021201993804425,
    "Organ": 0.004288529511541128,
    "Percussion": 0.005250098183751106,
    "Piano": 0.030390487983822823,
    "Reed Instrument": 0.15162646770477295,
    "Rhodes": 0.0010666511952877045,
    "Sad Lyrics": 0.046132102608680725,
    "Shuffle Feel": 0.1851506233215332,
    "Social/Political Lyrics": 0.018424082547426224,
    "String Ensemble": 0.08039530366659164,
    "Swing Feel": 0.42706164717674255,
    "Syncopation Low to High": 0.014932993799448013,
    "Synth Timbre": 0.05095699429512024,
    "Synthesizer": 0.05870663747191429,
    "Synthetic Drums": 0.07022643089294434,
    "Synthetic Sonority": 0.35928675532341003,
    "Tempo": 0.6852099895477295,
    "Triple Meter": 0.2056940495967865,
    "Vocal Accompaniment": 0.11876262724399567,
    "Vocal Breathiness": 0.03413796424865723,
    "Vocal Grittiness": 0.054785728454589844,
    "Vocal Nasality": 0.0033379103988409042,
    "Vocal Register": 0.1700577437877655,
    "Vocal Smoothness": 0.02979818359017372,
    "Vocal Timbre Thin to Full": 0.03882274404168129
}