{
    "Abstract Lyrics": 0.005995769053697586,
    "Acoustic Guitar": 0.0330074168741703,
    "Acoustic Sonority": 0.58095383644104,
    "Angry Lyrics": 0.010671505704522133,
    "Audio Production": 0.057028476148843765,
    "Aural Intensity": 0.16926635801792145,
    "Backbeat": 0.018622973933815956,
    "Bass Guitar": 0.04549290984869003,
    "Compound Meter": 0.4045226573944092,
    "Cut Time Feel": 0.2989417314529419,
    "Danceability": 0.3306780457496643,
    "Drum Aggressiveness": 0.012179727666079998,
    "Drum Set": 0.005265338812023401,
    "Electric Guitar": 0.07875585556030273,
    "Electric Guitar Distortion": 0.026856055483222008,
    "Electric Sonority": 0.3430563807487488,
    "Explicit Lyrics": 0.05287235975265503,
    "Focus on Form": 0.03688166290521622,
    "Focus on Lead Vocal": 0.9730716347694397,
    "Focus on Lyrics": 0.23733580112457275,
    "Focus on Melody": 0.2291387915611267,
    "Focus on Musical Arrangements": 0.13774126768112183,
    "Focus on Performance": 0.22524026036262512,
    "Focus on Rhythmic Groove": 0.46449023485183716,
    "Focus on Riffs": 0.1009022444486618,
    "Focus on Vocal Accompaniment": 0.2985538840293884,
    "Happy/Joyful Lyrics": 0.08467140793800354,
    "Harmonic Sophistication": 0.0015046929474920034,
    "Horn Ensemble": 0.07777737081050873,
    "Humorous Lyrics": 0.16236698627471924,
    "Live Recording": 0.0913655161857605,
    "Love/Romance Lyrics": 0.2857407033443451,
    "Major": 0.7418266534805298,
    "Minor": 0.24949981272220612,
    "Odd Meter": 0.007619180716574192,
    "Organ": 0.09265676885843277,
    "Percussion": 0.07756354659795761,
    "Piano": 0.08664306253194809,
    "Reed Instrument": 0.16897860169410706,
    "Rhodes": 0.0008274608990177512,
    "Sad Lyrics": 0.05065198615193367,
    "Shuffle Feel": 0.09642180055379868,
    "Social/Political Lyrics": 0.019911710172891617,
    "String Ensemble": 0.021889295428991318,
    "Swing Feel": 0.3069717288017273,
    "Syncopation Low to High": 0.03117000311613083,
    "Synth Timbre": 0.10111061483621597,
    "Synthesizer": 0.09249351173639297,
    "Synthetic Drums": 0.1065232902765274,
    "Synthetic Sonority": 0.39127978682518005,
    "Tempo": 0.3337661027908325,
    "Triple Meter": 0.1217183917760849,
    "Vocal Accompaniment": 0.129957377910614,
    "Vocal Breathiness": 0.018007401376962662,
    "Vocal Grittiness": 0.050918448716402054,
    "Vocal Nasality": 0.0063802991062402725,
    "Vocal Register": 0.15619929134845734,
    "Vocal Smoothness": 0.02617790177464485,
    "Vocal Timbre Thin to Full": 0.027875516563653946
}