{
    "Abstract Lyrics": 0.008586856536567211,
    "Acoustic Guitar": 0.010013183578848839,
    "Acoustic Sonority": 0.4911583662033081,
    "Angry Lyrics": 0.02467944845557213,
    "Audio Production": 0.024996869266033173,
    "Aural Intensity": 0.0920712798833847,
    "Backbeat": 0.008754393085837364,
    "Bass Guitar": 0.04256241023540497,
    "Compound Meter": 0.412474125623703,
    "Cut Time Feel": 0.26956412196159363,
    "Danceability": 0.30940544605255127,
    "Drum Aggressiveness": 0.01584799960255623,
    "Drum Set": 0.009661649353802204,
    "Electric Guitar": 0.06389279663562775,
    "Electric Guitar Distortion": 0.025739846751093864,
    "Electric Sonority": 0.2858544886112213,
    "Explicit Lyrics": 0.1096428707242012,
    "Focus on Form": 0.051940061151981354,
    "Focus on Lead Vocal": 0.9693304300308228,
    "Focus on Lyrics": 0.2377474159002304,
    "Focus on Melody": 0.2283230721950531,
    "Focus on Musical Arrangements": 0.10870739817619324,
    "Focus on Performance": 0.2051025629043579,
    "Focus on Rhythmic Groove": 0.40594837069511414,
    "Focus on Riffs": 0.09358775615692139,
    "Focus on Vocal Accompaniment": 0.3118881583213806,
    "Happy/Joyful Lyrics": 0.11326776444911957,
    "Harmonic Sophistication": 0.0013025192311033607,
    "Horn Ensemble": 0.043500591069459915,
    "Humorous Lyrics": 0.27533313632011414,
    "Live Recording": 0.054670803248882294,
    "Love/Romance Lyrics": 0.32021045684814453,
    "Major": 0.7564334869384766,
    "Minor": 0.11582423001527786,
    "Odd Meter": 0.005683865398168564,
    "Organ": 0.3404293656349182,
    "Percussion": 0.006667089648544788,
    "Piano": 0.02628783881664276,
    "Reed Instrument": 0.329213410615921,
    "Rhodes": 0.0008123390143737197,
    "Sad Lyrics": 0.1119966208934784,
    "Shuffle Feel": 0.11696311831474304,
    "Social/Political Lyrics": 0.11369733512401581,
    "String Ensemble": 0.00689582247287035,
    "Swing Feel": 0.21932527422904968,
    "Syncopation Low to High": 0.07369616627693176,
    "Synth Timbre": 0.03506087511777878,
    "Synthesizer": 0.034690484404563904,
    "Synthetic Drums": 0.09101220220327377,
    "Synthetic Sonority": 0.32662516832351685,
    "Tempo": 0.308380126953125,
    "Triple Meter": 0.20733141899108887,
    "Vocal Accompaniment": 0.11148153245449066,
    "Vocal Breathiness": 0.013141609728336334,
    "Vocal Grittiness": 0.07291080802679062,
    "Vocal Nasality": 0.004804057534784079,
    "Vocal Register": 0.18282479047775269,
    "Vocal Smoothness": 0.022745493799448013,
    "Vocal Timbre Thin to Full": 0.036088768392801285
}