{
    "Abstract Lyrics": 0.006457383744418621,
    "Acoustic Guitar": 0.09152855724096298,
    "Acoustic Sonority": 0.566948652267456,
    "Angry Lyrics": 0.02005934715270996,
    "Audio Production": 0.029151279479265213,
    "Aural Intensity": 0.1753862351179123,
    "Backbeat": 0.008476851508021355,
    "Bass Guitar": 0.012236135080456734,
    "Compound Meter": 0.4742402732372284,
    "Cut Time Feel": 0.3482292592525482,
    "Danceability": 0.3078324794769287,
    "Drum Aggressiveness": 0.016933200880885124,
    "Drum Set": 0.003184843808412552,
    "Electric Guitar": 0.08473435044288635,
    "Electric Guitar Distortion": 0.08112790435552597,
    "Electric Sonority": 0.3156561553478241,
    "Explicit Lyrics": 0.07708132266998291,
    "Focus on Form": 0.023603789508342743,
    "Focus on Lead Vocal": 0.960970401763916,
    "Focus on Lyrics": 0.22644062340259552,
    "Focus on Melody": 0.23359420895576477,
    "Focus on Musical Arrangements": 0.11418920755386353,
    "Focus on Performance": 0.1694512516260147,
    "Focus on Rhythmic Groove": 0.4113790988922119,
    "Focus on Riffs": 0.08796100318431854,
    "Focus on Vocal Accompaniment": 0.23277141153812408,
    "Happy/Joyful Lyrics": 0.06210583448410034,
    "Harmonic Sophistication": 0.0009895612020045519,
    "Horn Ensemble": 0.050704389810562134,
    "Humorous Lyrics": 0.04801541194319725,
    "Live Recording": 0.038451675325632095,
    "Love/Romance Lyrics": 0.26055908203125,
    "Major": 0.7420904636383057,
    "Minor": 0.09812308847904205,
    "Odd Meter": 0.004720677156001329,
    "Organ": 0.04421672970056534,
    "Percussion": 0.09107142686843872,
    "Piano": 0.019125573337078094,
    "Reed Instrument": 0.0853196457028389,
    "Rhodes": 0.0005683990893885493,
    "Sad Lyrics": 0.0593312606215477,
    "Shuffle Feel": 0.2449961006641388,
    "Social/Political Lyrics": 0.0151162538677454,
    "String Ensemble": 0.010098159313201904,
    "Swing Feel": 0.3634490966796875,
    "Syncopation Low to High": 0.02074088342487812,
    "Synth Timbre": 0.054117001593112946,
    "Synthesizer": 0.05159815400838852,
    "Synthetic Drums": 0.07704898715019226,
    "Synthetic Sonority": 0.3669455647468567,
    "Tempo": 0.6340366005897522,
    "Triple Meter": 0.18683119118213654,
    "Vocal Accompaniment": 0.07414291799068451,
    "Vocal Breathiness": 0.006259585730731487,
    "Vocal Grittiness": 0.0409538671374321,
    "Vocal Nasality": 0.008569630794227123,
    "Vocal Register": 0.0954480692744255,
    "Vocal Smoothness": 0.02427177131175995,
    "Vocal Timbre Thin to Full": 0.029518593102693558
}