{
    "Abstract Lyrics": 0.006894243881106377,
    "Acoustic Guitar": 0.012601934373378754,
    "Acoustic Sonority": 0.4829278588294983,
    "Angry Lyrics": 0.019215619191527367,
    "Audio Production": 0.0265664029866457,
    "Aural Intensity": 0.08610875904560089,
    "Backbeat": 0.007249283604323864,
    "Bass Guitar": 0.07550717145204544,
    "Compound Meter": 0.4344165325164795,
    "Cut Time Feel": 0.27363112568855286,
    "Danceability": 0.30006253719329834,
    "Drum Aggressiveness": 0.016319941729307175,
    "Drum Set": 0.004067813977599144,
    "Electric Guitar": 0.059264302253723145,
    "Electric Guitar Distortion": 0.027452629059553146,
    "Electric Sonority": 0.29687246680259705,
    "Explicit Lyrics": 0.09682779014110565,
    "Focus on Form": 0.0604020319879055,
    "Focus on Lead Vocal": 0.9710075855255127,
    "Focus on Lyrics": 0.24463120102882385,
    "Focus on Melody": 0.2372891902923584,
    "Focus on Musical Arrangements": 0.1045444905757904,
    "Focus on Performance": 0.1954115927219391,
    "Focus on Rhythmic Groove": 0.40430188179016113,
    "Focus on Riffs": 0.08597487211227417,
    "Focus on Vocal Accompaniment": 0.3157252073287964,
    "Happy/Joyful Lyrics": 0.11074434220790863,
    "Harmonic Sophistication": 0.0010021630441769958,
    "Horn Ensemble": 0.0459318570792675,
    "Humorous Lyrics": 0.30435633659362793,
    "Live Recording": 0.05767342448234558,
    "Love/Romance Lyrics": 0.3149133026599884,
    "Major": 0.7614942789077759,
    "Minor": 0.11013040691614151,
    "Odd Meter": 0.009740525856614113,
    "Organ": 0.33593717217445374,
    "Percussion": 0.015187427401542664,
    "Piano": 0.025550872087478638,
    "Reed Instrument": 0.1459624022245407,
    "Rhodes": 0.00042742688674479723,
    "Sad Lyrics": 0.12788859009742737,
    "Shuffle Feel": 0.10129779577255249,
    "Social/Political Lyrics": 0.13398264348506927,
    "String Ensemble": 0.00674951309338212,
    "Swing Feel": 0.2145143747329712,
    "Syncopation Low to High": 0.04050266742706299,
    "Synth Timbre": 0.03429432958364487,
    "Synthesizer": 0.037136707454919815,
    "Synthetic Drums": 0.08390659093856812,
    "Synthetic Sonority": 0.33268487453460693,
    "Tempo": 0.3281390070915222,
    "Triple Meter": 0.17899979650974274,
    "Vocal Accompaniment": 0.10846402496099472,
    "Vocal Breathiness": 0.01256625261157751,
    "Vocal Grittiness": 0.051401808857917786,
    "Vocal Nasality": 0.0037383660674095154,
    "Vocal Register": 0.19101276993751526,
    "Vocal Smoothness": 0.025704991072416306,
    "Vocal Timbre Thin to Full": 0.03505997359752655
}