{
    "Abstract Lyrics": 0.002426214748993516,
    "Acoustic Guitar": 0.01679190807044506,
    "Acoustic Sonority": 0.5626230835914612,
    "Angry Lyrics": 0.00729092862457037,
    "Audio Production": 0.02014203742146492,
    "Aural Intensity": 0.0869072824716568,
    "Backbeat": 0.027481619268655777,
    "Bass Guitar": 0.005241429433226585,
    "Compound Meter": 0.5080935955047607,
    "Cut Time Feel": 0.2658986747264862,
    "Danceability": 0.2496076077222824,
    "Drum Aggressiveness": 0.00378201506100595,
    "Drum Set": 0.008052894845604897,
    "Electric Guitar": 0.07863737642765045,
    "Electric Guitar Distortion": 0.029385410249233246,
    "Electric Sonority": 0.27453628182411194,
    "Explicit Lyrics": 0.03148972988128662,
    "Focus on Form": 0.02524026483297348,
    "Focus on Lead Vocal": 0.9575552344322205,
    "Focus on Lyrics": 0.18991033732891083,
    "Focus on Melody": 0.1872711181640625,
    "Focus on Musical Arrangements": 0.11054561287164688,
    "Focus on Performance": 0.13827958703041077,
    "Focus on Rhythmic Groove": 0.32624828815460205,
    "Focus on Riffs": 0.08131904900074005,
    "Focus on Vocal Accompaniment": 0.2292889803647995,
    "Happy/Joyful Lyrics": 0.05928807333111763,
    "Harmonic Sophistication": 0.0006999533507041633,
    "Horn Ensemble": 0.04381585121154785,
    "Humorous Lyrics": 0.11216669529676437,
    "Live Recording": 0.03874944895505905,
    "Love/Romance Lyrics": 0.2165471613407135,
    "Major": 0.708125114440918,
    "Minor": 0.14084193110466003,
    "Odd Meter": 0.0022396850399672985,
    "Organ": 0.0011400362709537148,
    "Percussion": 0.04553571343421936,
    "Piano": 0.055744413286447525,
    "Reed Instrument": 0.07679054141044617,
    "Rhodes": 0.25023332238197327,
    "Sad Lyrics": 0.027453817427158356,
    "Shuffle Feel": 0.17631074786186218,
    "Social/Political Lyrics": 0.016143403947353363,
    "String Ensemble": 0.02218826301395893,
    "Swing Feel": 0.3111371397972107,
    "Syncopation Low to High": 0.10651792585849762,
    "Synth Timbre": 0.04845954477787018,
    "Synthesizer": 0.0463535413146019,
    "Synthetic Drums": 0.05224476382136345,
    "Synthetic Sonority": 0.3058093786239624,
    "Tempo": 0.5284217596054077,
    "Triple Meter": 0.1134720966219902,
    "Vocal Accompaniment": 0.10334106534719467,
    "Vocal Breathiness": 0.007238469086587429,
    "Vocal Grittiness": 0.025521574541926384,
    "Vocal Nasality": 0.005601639859378338,
    "Vocal Register": 0.14470046758651733,
    "Vocal Smoothness": 0.016573144122958183,
    "Vocal Timbre Thin to Full": 0.02869418077170849
}