{
    "Abstract Lyrics": 0.003245940897613764,
    "Acoustic Guitar": 0.035895660519599915,
    "Acoustic Sonority": 0.49077680706977844,
    "Angry Lyrics": 0.012946135364472866,
    "Audio Production": 0.022153515368700027,
    "Aural Intensity": 0.12247084081172943,
    "Backbeat": 0.016428155824542046,
    "Bass Guitar": 0.0031090243719518185,
    "Compound Meter": 0.4686797857284546,
    "Cut Time Feel": 0.2733685374259949,
    "Danceability": 0.2655448615550995,
    "Drum Aggressiveness": 0.006083720829337835,
    "Drum Set": 0.0024006336461752653,
    "Electric Guitar": 0.12165836244821548,
    "Electric Guitar Distortion": 0.022833243012428284,
    "Electric Sonority": 0.29591232538223267,
    "Explicit Lyrics": 0.023866835981607437,
    "Focus on Form": 0.023515800014138222,
    "Focus on Lead Vocal": 0.9592207670211792,
    "Focus on Lyrics": 0.19452999532222748,
    "Focus on Melody": 0.18731284141540527,
    "Focus on Musical Arrangements": 0.10872186720371246,
    "Focus on Performance": 0.1566164642572403,
    "Focus on Rhythmic Groove": 0.33159375190734863,
    "Focus on Riffs": 0.07885027676820755,
    "Focus on Vocal Accompaniment": 0.2381201982498169,
    "Happy/Joyful Lyrics": 0.05731252580881119,
    "Harmonic Sophistication": 0.0009462518501095474,
    "Horn Ensemble": 0.020536594092845917,
    "Humorous Lyrics": 0.1295265406370163,
    "Live Recording": 0.03998655825853348,
    "Love/Romance Lyrics": 0.22320163249969482,
    "Major": 0.7010129690170288,
    "Minor": 0.16403385996818542,
    "Odd Meter": 0.0017536368686705828,
    "Organ": 0.0023050333838909864,
    "Percussion": 0.2562893033027649,
    "Piano": 0.04159863293170929,
    "Reed Instrument": 0.31509625911712646,
    "Rhodes": 0.001810604939237237,
    "Sad Lyrics": 0.03406595438718796,
    "Shuffle Feel": 0.1763535737991333,
    "Social/Political Lyrics": 0.01761448383331299,
    "String Ensemble": 0.03209763020277023,
    "Swing Feel": 0.3082404136657715,
    "Syncopation Low to High": 0.20459455251693726,
    "Synth Timbre": 0.05258912965655327,
    "Synthesizer": 0.06641122698783875,
    "Synthetic Drums": 0.04745412617921829,
    "Synthetic Sonority": 0.3065597414970398,
    "Tempo": 0.5430064797401428,
    "Triple Meter": 0.19875118136405945,
    "Vocal Accompaniment": 0.10074347257614136,
    "Vocal Breathiness": 0.006341566797345877,
    "Vocal Grittiness": 0.019997775554656982,
    "Vocal Nasality": 0.006432788912206888,
    "Vocal Register": 0.15526196360588074,
    "Vocal Smoothness": 0.01468493789434433,
    "Vocal Timbre Thin to Full": 0.029038578271865845
}