{
    "Abstract Lyrics": 0.0024617493618279696,
    "Acoustic Guitar": 0.015677092596888542,
    "Acoustic Sonority": 0.5313569903373718,
    "Angry Lyrics": 0.014311835169792175,
    "Audio Production": 0.020626971498131752,
    "Aural Intensity": 0.13249705731868744,
    "Backbeat": 0.028282329440116882,
    "Bass Guitar": 0.0033222795464098454,
    "Compound Meter": 0.4855649471282959,
    "Cut Time Feel": 0.25371667742729187,
    "Danceability": 0.24110853672027588,
    "Drum Aggressiveness": 0.011663033626973629,
    "Drum Set": 0.0009332711342722178,
    "Electric Guitar": 0.11664336174726486,
    "Electric Guitar Distortion": 0.019515378400683403,
    "Electric Sonority": 0.2714542746543884,
    "Explicit Lyrics": 0.030567066743969917,
    "Focus on Form": 0.02929273247718811,
    "Focus on Lead Vocal": 0.9574994444847107,
    "Focus on Lyrics": 0.2078327238559723,
    "Focus on Melody": 0.18931156396865845,
    "Focus on Musical Arrangements": 0.10332717001438141,
    "Focus on Performance": 0.12799927592277527,
    "Focus on Rhythmic Groove": 0.33577972650527954,
    "Focus on Riffs": 0.08317374438047409,
    "Focus on Vocal Accompaniment": 0.2411576509475708,
    "Happy/Joyful Lyrics": 0.05348941311240196,
    "Harmonic Sophistication": 0.0006999533507041633,
    "Horn Ensemble": 0.023825209587812424,
    "Humorous Lyrics": 0.14695827662944794,
    "Live Recording": 0.0371568538248539,
    "Love/Romance Lyrics": 0.21509717404842377,
    "Major": 0.7033458948135376,
    "Minor": 0.16384883224964142,
    "Odd Meter": 0.0030111647211015224,
    "Organ": 0.0074156904593110085,
    "Percussion": 0.011756084859371185,
    "Piano": 0.031241828575730324,
    "Reed Instrument": 0.02676575444638729,
    "Rhodes": 0.0030423065181821585,
    "Sad Lyrics": 0.03196563199162483,
    "Shuffle Feel": 0.16818201541900635,
    "Social/Political Lyrics": 0.015359416604042053,
    "String Ensemble": 0.0028475879225879908,
    "Swing Feel": 0.31222593784332275,
    "Syncopation Low to High": 0.03994201123714447,
    "Synth Timbre": 0.057964712381362915,
    "Synthesizer": 0.04798681288957596,
    "Synthetic Drums": 0.05338427424430847,
    "Synthetic Sonority": 0.3183101415634155,
    "Tempo": 0.5212439894676208,
    "Triple Meter": 0.17757171392440796,
    "Vocal Accompaniment": 0.09597252309322357,
    "Vocal Breathiness": 0.00721267145127058,
    "Vocal Grittiness": 0.0263373963534832,
    "Vocal Nasality": 0.005264827515929937,
    "Vocal Register": 0.13562476634979248,
    "Vocal Smoothness": 0.018885448575019836,
    "Vocal Timbre Thin to Full": 0.030962347984313965
}