{
    "Abstract Lyrics": 0.004608990624547005,
    "Acoustic Guitar": 0.06230417639017105,
    "Acoustic Sonority": 0.4765119254589081,
    "Angry Lyrics": 0.005687415599822998,
    "Audio Production": 0.021491367369890213,
    "Aural Intensity": 0.11623985320329666,
    "Backbeat": 0.005844615399837494,
    "Bass Guitar": 0.004781855270266533,
    "Compound Meter": 0.6238703727722168,
    "Cut Time Feel": 0.30969420075416565,
    "Danceability": 0.3010712265968323,
    "Drum Aggressiveness": 0.005832682829350233,
    "Drum Set": 0.011332068592309952,
    "Electric Guitar": 0.08817636221647263,
    "Electric Guitar Distortion": 0.01685042306780815,
    "Electric Sonority": 0.2976142168045044,
    "Explicit Lyrics": 0.03737911954522133,
    "Focus on Form": 0.02881745435297489,
    "Focus on Lead Vocal": 0.964600145816803,
    "Focus on Lyrics": 0.20921069383621216,
    "Focus on Melody": 0.21506071090698242,
    "Focus on Musical Arrangements": 0.09916599094867706,
    "Focus on Performance": 0.1924520581960678,
    "Focus on Rhythmic Groove": 0.39031296968460083,
    "Focus on Riffs": 0.09225310385227203,
    "Focus on Vocal Accompaniment": 0.25713521242141724,
    "Happy/Joyful Lyrics": 0.05442214012145996,
    "Harmonic Sophistication": 0.004805971868336201,
    "Horn Ensemble": 0.0358581468462944,
    "Humorous Lyrics": 0.08516105264425278,
    "Live Recording": 0.05179346352815628,
    "Love/Romance Lyrics": 0.22947436571121216,
    "Major": 0.7399187088012695,
    "Minor": 0.15939582884311676,
    "Odd Meter": 0.0028646839782595634,
    "Organ": 0.013217242434620857,
    "Percussion": 0.003323360811918974,
    "Piano": 0.35434412956237793,
    "Reed Instrument": 0.21150735020637512,
    "Rhodes": 0.004871963523328304,
    "Sad Lyrics": 0.036769457161426544,
    "Shuffle Feel": 0.2696782946586609,
    "Social/Political Lyrics": 0.014169023372232914,
    "String Ensemble": 0.009994668886065483,
    "Swing Feel": 0.3481569290161133,
    "Syncopation Low to High": 0.018591538071632385,
    "Synth Timbre": 0.04647734761238098,
    "Synthesizer": 0.049199849367141724,
    "Synthetic Drums": 0.07453060150146484,
    "Synthetic Sonority": 0.3204599916934967,
    "Tempo": 0.6678996682167053,
    "Triple Meter": 0.19760054349899292,
    "Vocal Accompaniment": 0.1021469458937645,
    "Vocal Breathiness": 0.01803836226463318,
    "Vocal Grittiness": 0.03196908161044121,
    "Vocal Nasality": 0.004284548573195934,
    "Vocal Register": 0.12492377310991287,
    "Vocal Smoothness": 0.019494201987981796,
    "Vocal Timbre Thin to Full": 0.04100590944290161
}